/*******************************************************************************
 * Size: 24 px
 * Bpp: 4
 * Opts: --bpp 4 --size 24 --no-compress --font BaiJamjuree-SemiBold.ttf --range 0x20-0x7E --font FontAwesome5-Solid+Brands+Regular.woff --range 61441,61448,61451,61452,61453,61457,61459,61461,61465,61468,61473,61478,61479,61480,61502,61507,61512,61515,61516,61517,61521,61522,61523,61524,61543,61544,61550,61552,61553,61556,61559,61560,61561,61563,61587,61589,61636,61637,61639,61641,61664,61671,61674,61683,61724,61732,61787,61931,62016,62017,62018,62019,62020,62087,62099,62212,62189,62810,63426,63650 --format lvgl --lv-include lvgl.h -o font_bai_24.c
 ******************************************************************************/

#ifdef LV_LVGL_H_INCLUDE_SIMPLE
#include "lvgl.h"
#else
#include "lvgl.h"
#endif

#ifndef FONT_BAI_24
#define FONT_BAI_24 1
#endif

#if FONT_BAI_24

/*-----------------
 *    BITMAPS
 *----------------*/

/*Store the image of the glyphs*/
static LV_ATTRIBUTE_LARGE_CONST const uint8_t glyph_bitmap[] = {
    /* U+0020 " " */

    /* U+0021 "!" */
    0xf, 0xfd, 0x0, 0xff, 0xd0, 0xf, 0xfd, 0x0,
    0xff, 0xd0, 0xf, 0xfd, 0x0, 0xff, 0xd0, 0xf,
    0xfd, 0x0, 0xff, 0xd0, 0xf, 0xfd, 0x0, 0xff,
    0xd0, 0xf, 0xfd, 0x0, 0xbc, 0xa0, 0x0, 0x0,
    0x0, 0x26, 0x10, 0x1f, 0xfe, 0x4, 0xff, 0xf1,
    0xb, 0xf9, 0x0,

    /* U+0022 "\"" */
    0xff, 0xd0, 0x9f, 0xf2, 0xff, 0xd0, 0x9f, 0xf2,
    0xff, 0xd0, 0x9f, 0xf2, 0xff, 0xd0, 0x9f, 0xf2,
    0xff, 0xd0, 0x9f, 0xf2, 0x78, 0x60, 0x58, 0x81,

    /* U+0023 "#" */
    0x0, 0x2f, 0xf7, 0x0, 0x9, 0xff, 0x0, 0x0,
    0x2, 0xff, 0x70, 0x0, 0x9f, 0xf0, 0x0, 0x0,
    0x2f, 0xf7, 0x0, 0x9, 0xff, 0x0, 0x0, 0x2,
    0xff, 0x70, 0x0, 0x9f, 0xf0, 0x0, 0x33, 0x5f,
    0xf9, 0x33, 0x3a, 0xff, 0x33, 0x2f, 0xff, 0xff,
    0xff, 0xff, 0xff, 0xff, 0xfd, 0xff, 0xff, 0xff,
    0xff, 0xff, 0xff, 0xff, 0xd0, 0x2, 0xff, 0x70,
    0x0, 0x9f, 0xf0, 0x0, 0x0, 0x2f, 0xf7, 0x0,
    0x9, 0xff, 0x0, 0x0, 0x2, 0xff, 0x70, 0x0,
    0x9f, 0xf0, 0x0, 0x33, 0x5f, 0xf9, 0x33, 0x3a,
    0xff, 0x43, 0x3f, 0xff, 0xff, 0xff, 0xff, 0xff,
    0xff, 0xfd, 0xff, 0xff, 0xff, 0xff, 0xff, 0xff,
    0xff, 0xd0, 0x2, 0xff, 0x70, 0x0, 0x9f, 0xf0,
    0x0, 0x0, 0x2f, 0xf7, 0x0, 0x9, 0xff, 0x0,
    0x0, 0x2, 0xff, 0x70, 0x0, 0x9f, 0xf0, 0x0,
    0x0, 0x2f, 0xf7, 0x0, 0x9, 0xff, 0x0, 0x0,

    /* U+0024 "$" */
    0x0, 0x0, 0x8, 0xff, 0x40, 0x0, 0x0, 0x0,
    0x0, 0x8, 0xff, 0x40, 0x0, 0x0, 0x0, 0x5b,
    0xef, 0xff, 0xfd, 0x80, 0x0, 0xa, 0xff, 0xff,
    0xff, 0xff, 0xfd, 0x10, 0x6f, 0xff, 0x97, 0x77,
    0x7d, 0xff, 0xa0, 0xbf, 0xf4, 0x0, 0x0, 0x0,
    0xdf, 0xf1, 0xcf, 0xf0, 0x0, 0x0, 0x0, 0x7e,
    0xe2, 0xcf, 0xf2, 0x0, 0x0, 0x0, 0x0, 0x0,
    0x9f, 0xfc, 0x51, 0x0, 0x0, 0x0, 0x0, 0x2e,
    0xff, 0xff, 0xfc, 0x96, 0x10, 0x0, 0x1, 0xaf,
    0xff, 0xff, 0xff, 0xfb, 0x20, 0x0, 0x0, 0x47,
    0x9c, 0xff, 0xff, 0xe1, 0x0, 0x0, 0x0, 0x0,
    0x3, 0xdf, 0xf7, 0x45, 0x40, 0x0, 0x0, 0x0,
    0x4f, 0xf8, 0xdf, 0xe0, 0x0, 0x0, 0x0, 0x3f,
    0xf8, 0xaf, 0xf5, 0x0, 0x0, 0x0, 0x8f, 0xf7,
    0x4f, 0xff, 0xa7, 0x77, 0x7b, 0xff, 0xf2, 0x8,
    0xff, 0xff, 0xff, 0xff, 0xff, 0x70, 0x0, 0x4b,
    0xef, 0xff, 0xfe, 0xa3, 0x0, 0x0, 0x0, 0x8,
    0xff, 0x40, 0x0, 0x0, 0x0, 0x0, 0x8, 0xff,
    0x40, 0x0, 0x0, 0x0, 0x0, 0x4, 0x88, 0x20,
    0x0, 0x0,

    /* U+0025 "%" */
    0x4, 0xcf, 0xff, 0xc4, 0x0, 0x0, 0x0, 0xcf,
    0xf1, 0x0, 0x0, 0x3, 0xff, 0xff, 0xff, 0xf3,
    0x0, 0x0, 0x4f, 0xf8, 0x0, 0x0, 0x0, 0xbf,
    0xf4, 0x24, 0xff, 0xb0, 0x0, 0xd, 0xff, 0x10,
    0x0, 0x0, 0xe, 0xf9, 0x0, 0xa, 0xfe, 0x0,
    0x5, 0xff, 0x70, 0x0, 0x0, 0x0, 0xff, 0x80,
    0x0, 0x9f, 0xf0, 0x0, 0xdf, 0xe0, 0x0, 0x0,
    0x0, 0xf, 0xf8, 0x0, 0x9, 0xff, 0x0, 0x6f,
    0xf6, 0x0, 0x0, 0x0, 0x0, 0xff, 0x80, 0x0,
    0x9f, 0xf0, 0xe, 0xfd, 0x19, 0xef, 0xfe, 0x80,
    0xe, 0xf9, 0x0, 0xa, 0xfe, 0x8, 0xff, 0x5b,
    0xff, 0xff, 0xff, 0xb0, 0xbf, 0xf4, 0x24, 0xff,
    0xb1, 0xff, 0xd3, 0xff, 0xa3, 0x3a, 0xff, 0x33,
    0xff, 0xff, 0xff, 0xf3, 0x9f, 0xf4, 0x6f, 0xf1,
    0x0, 0x2f, 0xf6, 0x4, 0xcf, 0xff, 0xc4, 0x2f,
    0xfc, 0x7, 0xff, 0x0, 0x1, 0xff, 0x70, 0x0,
    0x0, 0x0, 0xa, 0xff, 0x30, 0x7f, 0xf0, 0x0,
    0x1f, 0xf7, 0x0, 0x0, 0x0, 0x2, 0xff, 0xb0,
    0x7, 0xff, 0x0, 0x1, 0xff, 0x70, 0x0, 0x0,
    0x0, 0xbf, 0xf2, 0x0, 0x6f, 0xf1, 0x0, 0x2f,
    0xf6, 0x0, 0x0, 0x0, 0x3f, 0xfa, 0x0, 0x3,
    0xff, 0xa2, 0x3a, 0xff, 0x30, 0x0, 0x0, 0xc,
    0xff, 0x10, 0x0, 0xb, 0xff, 0xff, 0xff, 0xb0,
    0x0, 0x0, 0x4, 0xff, 0x90, 0x0, 0x0, 0x9,
    0xef, 0xfe, 0x90, 0x0, 0x0, 0x0, 0x58, 0x81,
    0x0, 0x0, 0x0, 0x0, 0x0, 0x0, 0x0,

    /* U+0026 "&" */
    0x0, 0x2, 0xae, 0xff, 0xd7, 0x0, 0x0, 0x0,
    0x0, 0x2e, 0xff, 0xff, 0xff, 0xa0, 0x0, 0x0,
    0x0, 0xaf, 0xf7, 0x33, 0xbf, 0xf2, 0x0, 0x0,
    0x0, 0xcf, 0xc0, 0x0, 0x3f, 0xf5, 0x0, 0x0,
    0x0, 0xcf, 0xc0, 0x0, 0x5f, 0xf4, 0x0, 0x0,
    0x0, 0x8f, 0xf3, 0x4, 0xef, 0xe0, 0x0, 0x0,
    0x0, 0x1e, 0xfe, 0x9f, 0xfe, 0x20, 0x0, 0x0,
    0x0, 0x8, 0xff, 0xff, 0x90, 0x0, 0x0, 0x0,
    0x1, 0xbf, 0xff, 0xfb, 0x0, 0x0, 0x0, 0x0,
    0x1e, 0xff, 0xb8, 0xff, 0x80, 0xf, 0xf5, 0x0,
    0xaf, 0xf7, 0x0, 0x9f, 0xf6, 0x4f, 0xf3, 0x0,
    0xef, 0xd0, 0x0, 0xb, 0xff, 0xcf, 0xe0, 0x0,
    0xef, 0xc0, 0x0, 0x0, 0xcf, 0xff, 0x80, 0x0,
    0xef, 0xe0, 0x0, 0x0, 0x3f, 0xff, 0x40, 0x0,
    0x9f, 0xfc, 0x64, 0x58, 0xef, 0xff, 0xd1, 0x0,
    0x1d, 0xff, 0xff, 0xff, 0xff, 0x8f, 0xfc, 0x0,
    0x1, 0x8d, 0xff, 0xfd, 0x81, 0x6, 0xff, 0xa0,

    /* U+0027 "'" */
    0xff, 0xdf, 0xfd, 0xff, 0xdf, 0xfd, 0xff, 0xd7,
    0x86,

    /* U+0028 "(" */
    0x0, 0xd, 0xfe, 0x10, 0x7, 0xff, 0x60, 0x1,
    0xff, 0xc0, 0x0, 0x8f, 0xf5, 0x0, 0xe, 0xfe,
    0x0, 0x3, 0xff, 0x90, 0x0, 0x7f, 0xf5, 0x0,
    0xa, 0xff, 0x10, 0x0, 0xcf, 0xf0, 0x0, 0xd,
    0xfe, 0x0, 0x0, 0xef, 0xd0, 0x0, 0xe, 0xfd,
    0x0, 0x0, 0xdf, 0xe0, 0x0, 0xc, 0xff, 0x0,
    0x0, 0xaf, 0xf2, 0x0, 0x6, 0xff, 0x60, 0x0,
    0x3f, 0xfa, 0x0, 0x0, 0xdf, 0xf0, 0x0, 0x7,
    0xff, 0x60, 0x0, 0x1f, 0xfd, 0x0, 0x0, 0x7f,
    0xf7, 0x0, 0x0, 0xdf, 0xf1,

    /* U+0029 ")" */
    0x2f, 0xfc, 0x0, 0x0, 0x7f, 0xf6, 0x0, 0x0,
    0xdf, 0xe0, 0x0, 0x7, 0xff, 0x60, 0x0, 0xf,
    0xfd, 0x0, 0x0, 0xaf, 0xf2, 0x0, 0x6, 0xff,
    0x50, 0x0, 0x3f, 0xf9, 0x0, 0x0, 0xff, 0xb0,
    0x0, 0xf, 0xfc, 0x0, 0x0, 0xef, 0xd0, 0x0,
    0xe, 0xfd, 0x0, 0x0, 0xff, 0xc0, 0x0, 0x1f,
    0xfb, 0x0, 0x3, 0xff, 0x90, 0x0, 0x7f, 0xf5,
    0x0, 0xb, 0xff, 0x10, 0x1, 0xff, 0xc0, 0x0,
    0x8f, 0xf6, 0x0, 0xe, 0xfe, 0x0, 0x8, 0xff,
    0x50, 0x2, 0xff, 0xc0, 0x0,

    /* U+002A "*" */
    0x0, 0x1, 0x21, 0x0, 0x0, 0x0, 0xbf, 0x70,
    0x0, 0x5c, 0x3b, 0xf7, 0x5e, 0x2a, 0xff, 0xef,
    0xef, 0xf7, 0x4, 0xdf, 0xff, 0xb3, 0x0, 0x7f,
    0xff, 0xfd, 0x60, 0xbf, 0xee, 0xfd, 0xff, 0x84,
    0xa1, 0xbf, 0x72, 0xb1, 0x0, 0xb, 0xf7, 0x0,
    0x0,

    /* U+002B "+" */
    0x0, 0x0, 0x12, 0x20, 0x0, 0x0, 0x0, 0x0,
    0x8f, 0xf4, 0x0, 0x0, 0x0, 0x0, 0x8f, 0xf4,
    0x0, 0x0, 0x0, 0x0, 0x8f, 0xf4, 0x0, 0x0,
    0x0, 0x0, 0x8f, 0xf4, 0x0, 0x0, 0xff, 0xff,
    0xff, 0xff, 0xff, 0xfb, 0xff, 0xff, 0xff, 0xff,
    0xff, 0xfb, 0x55, 0x55, 0xaf, 0xf8, 0x55, 0x54,
    0x0, 0x0, 0x8f, 0xf4, 0x0, 0x0, 0x0, 0x0,
    0x8f, 0xf4, 0x0, 0x0, 0x0, 0x0, 0x8f, 0xf4,
    0x0, 0x0, 0x0, 0x0, 0x8f, 0xf4, 0x0, 0x0,

    /* U+002C "," */
    0x1, 0xff, 0xa0, 0x2f, 0xfa, 0x4, 0xff, 0x80,
    0xcf, 0xf4, 0xbf, 0xfd, 0x3, 0xfe, 0x20, 0x4,
    0x10, 0x0,

    /* U+002D "-" */
    0x55, 0x55, 0x55, 0x52, 0xff, 0xff, 0xff, 0xf7,
    0xff, 0xff, 0xff, 0xf7,

    /* U+002E "." */
    0x5, 0x30, 0xbf, 0xf4, 0xef, 0xf7, 0x6f, 0xd1,

    /* U+002F "/" */
    0x0, 0x0, 0x0, 0x0, 0xa, 0xff, 0x20, 0x0,
    0x0, 0x0, 0x2, 0xff, 0x90, 0x0, 0x0, 0x0,
    0x0, 0xbf, 0xf1, 0x0, 0x0, 0x0, 0x0, 0x3f,
    0xf9, 0x0, 0x0, 0x0, 0x0, 0xb, 0xff, 0x10,
    0x0, 0x0, 0x0, 0x3, 0xff, 0x80, 0x0, 0x0,
    0x0, 0x0, 0xcf, 0xf1, 0x0, 0x0, 0x0, 0x0,
    0x4f, 0xf8, 0x0, 0x0, 0x0, 0x0, 0xc, 0xfe,
    0x10, 0x0, 0x0, 0x0, 0x4, 0xff, 0x70, 0x0,
    0x0, 0x0, 0x0, 0xcf, 0xe0, 0x0, 0x0, 0x0,
    0x0, 0x5f, 0xf7, 0x0, 0x0, 0x0, 0x0, 0xd,
    0xfe, 0x0, 0x0, 0x0, 0x0, 0x5, 0xff, 0x60,
    0x0, 0x0, 0x0, 0x0, 0xdf, 0xe0, 0x0, 0x0,
    0x0, 0x0, 0x6f, 0xf6, 0x0, 0x0, 0x0, 0x0,
    0xe, 0xfd, 0x0, 0x0, 0x0, 0x0, 0x2, 0x88,
    0x30, 0x0, 0x0, 0x0, 0x0,

    /* U+0030 "0" */
    0x0, 0x18, 0xdf, 0xff, 0xfd, 0x81, 0x0, 0x2,
    0xef, 0xff, 0xff, 0xff, 0xfe, 0x20, 0xd, 0xff,
    0xd8, 0x77, 0x7d, 0xff, 0xd0, 0x5f, 0xfc, 0x0,
    0x0, 0x0, 0xcf, 0xf4, 0x9f, 0xf4, 0x0, 0x0,
    0x0, 0x5f, 0xf8, 0xaf, 0xf2, 0x0, 0x0, 0x0,
    0x3f, 0xfa, 0xbf, 0xf1, 0x0, 0x0, 0x0, 0x2f,
    0xfa, 0xbf, 0xf1, 0x0, 0x0, 0x0, 0x2f, 0xfa,
    0xbf, 0xf1, 0x0, 0x0, 0x0, 0x2f, 0xfa, 0xbf,
    0xf1, 0x0, 0x0, 0x0, 0x2f, 0xfa, 0xbf, 0xf1,
    0x0, 0x0, 0x0, 0x2f, 0xfa, 0xaf, 0xf2, 0x0,
    0x0, 0x0, 0x3f, 0xfa, 0x9f, 0xf4, 0x0, 0x0,
    0x0, 0x5f, 0xf8, 0x5f, 0xfc, 0x0, 0x0, 0x0,
    0xcf, 0xf4, 0xd, 0xff, 0xc7, 0x77, 0x7d, 0xff,
    0xd0, 0x3, 0xef, 0xff, 0xff, 0xff, 0xfe, 0x20,
    0x0, 0x18, 0xdf, 0xff, 0xfd, 0x81, 0x0,

    /* U+0031 "1" */
    0x0, 0x2, 0xbf, 0xf4, 0x1, 0xaf, 0xff, 0xf4,
    0x4f, 0xff, 0xff, 0xf4, 0x6f, 0xf8, 0xaf, 0xf4,
    0x69, 0x10, 0x9f, 0xf4, 0x0, 0x0, 0x9f, 0xf4,
    0x0, 0x0, 0x9f, 0xf4, 0x0, 0x0, 0x9f, 0xf4,
    0x0, 0x0, 0x9f, 0xf4, 0x0, 0x0, 0x9f, 0xf4,
    0x0, 0x0, 0x9f, 0xf4, 0x0, 0x0, 0x9f, 0xf4,
    0x0, 0x0, 0x9f, 0xf4, 0x0, 0x0, 0x9f, 0xf4,
    0x0, 0x0, 0x9f, 0xf4, 0x0, 0x0, 0x9f, 0xf4,
    0x0, 0x0, 0x9f, 0xf4,

    /* U+0032 "2" */
    0x0, 0x7, 0xdf, 0xff, 0xfd, 0x80, 0x0, 0x0,
    0xcf, 0xff, 0xff, 0xff, 0xfd, 0x10, 0x8, 0xff,
    0xe8, 0x77, 0x7d, 0xff, 0x90, 0xe, 0xff, 0x20,
    0x0, 0x1, 0xff, 0xd0, 0x1f, 0xfc, 0x0, 0x0,
    0x0, 0xdf, 0xf0, 0x4, 0x43, 0x0, 0x0, 0x0,
    0xef, 0xe0, 0x0, 0x0, 0x0, 0x0, 0xa, 0xff,
    0xa0, 0x0, 0x0, 0x0, 0x3, 0xdf, 0xff, 0x30,
    0x0, 0x0, 0x0, 0x8f, 0xff, 0xe3, 0x0, 0x0,
    0x0, 0x3d, 0xff, 0xf9, 0x0, 0x0, 0x0, 0x9,
    0xff, 0xfd, 0x30, 0x0, 0x0, 0x0, 0xcf, 0xff,
    0x70, 0x0, 0x0, 0x0, 0x8, 0xff, 0xc2, 0x0,
    0x0, 0x0, 0x0, 0xe, 0xff, 0x10, 0x0, 0x0,
    0x0, 0x0, 0xf, 0xfe, 0x66, 0x66, 0x66, 0x66,
    0x60, 0x1f, 0xff, 0xff, 0xff, 0xff, 0xff, 0xf1,
    0x1f, 0xff, 0xff, 0xff, 0xff, 0xff, 0xf1,

    /* U+0033 "3" */
    0x0, 0x6, 0xcf, 0xff, 0xfe, 0xa3, 0x0, 0x0,
    0xbf, 0xff, 0xff, 0xff, 0xff, 0x50, 0x7, 0xff,
    0xf8, 0x77, 0x7b, 0xff, 0xf0, 0xd, 0xff, 0x30,
    0x0, 0x0, 0xaf, 0xf4, 0xf, 0xfd, 0x0, 0x0,
    0x0, 0x7f, 0xf5, 0x3, 0x32, 0x0, 0x0, 0x0,
    0x8f, 0xf5, 0x0, 0x0, 0x0, 0x0, 0x4, 0xef,
    0xf1, 0x0, 0x0, 0x9, 0xff, 0xff, 0xff, 0x40,
    0x0, 0x0, 0x9, 0xff, 0xff, 0xfd, 0x20, 0x0,
    0x0, 0x3, 0x66, 0x7a, 0xff, 0xe1, 0x0, 0x0,
    0x0, 0x0, 0x0, 0x6f, 0xf8, 0x5, 0x53, 0x0,
    0x0, 0x0, 0x2f, 0xfa, 0x1f, 0xfb, 0x0, 0x0,
    0x0, 0x2f, 0xfa, 0xe, 0xff, 0x20, 0x0, 0x0,
    0x7f, 0xf8, 0x8, 0xff, 0xe8, 0x77, 0x7a, 0xff,
    0xf2, 0x0, 0xcf, 0xff, 0xff, 0xff, 0xff, 0x60,
    0x0, 0x7, 0xcf, 0xff, 0xfe, 0xa3, 0x0,

    /* U+0034 "4" */
    0x0, 0x0, 0x0, 0x0, 0x2f, 0xff, 0x0, 0x0,
    0x0, 0x0, 0x0, 0xd, 0xff, 0xf0, 0x0, 0x0,
    0x0, 0x0, 0xa, 0xff, 0xff, 0x0, 0x0, 0x0,
    0x0, 0x6, 0xff, 0xff, 0xf0, 0x0, 0x0, 0x0,
    0x2, 0xff, 0xbb, 0xff, 0x0, 0x0, 0x0, 0x0,
    0xdf, 0xe1, 0xbf, 0xf0, 0x0, 0x0, 0x0, 0x9f,
    0xf4, 0xb, 0xff, 0x0, 0x0, 0x0, 0x5f, 0xf8,
    0x0, 0xbf, 0xf0, 0x0, 0x0, 0x2f, 0xfc, 0x0,
    0xb, 0xff, 0x0, 0x0, 0xc, 0xfe, 0x10, 0x0,
    0xbf, 0xf0, 0x0, 0x9, 0xff, 0x40, 0x0, 0xb,
    0xff, 0x0, 0x5, 0xff, 0xd7, 0x77, 0x77, 0xdf,
    0xf7, 0x70, 0xaf, 0xff, 0xff, 0xff, 0xff, 0xff,
    0xff, 0x14, 0xef, 0xff, 0xff, 0xff, 0xff, 0xff,
    0xf1, 0x0, 0x0, 0x0, 0x0, 0xc, 0xff, 0x0,
    0x0, 0x0, 0x0, 0x0, 0x0, 0xcf, 0xf0, 0x0,
    0x0, 0x0, 0x0, 0x0, 0xc, 0xff, 0x0, 0x0,

    /* U+0035 "5" */
    0x6f, 0xff, 0xff, 0xff, 0xff, 0xff, 0x26, 0xff,
    0xff, 0xff, 0xff, 0xff, 0xf2, 0x6f, 0xfa, 0x77,
    0x77, 0x77, 0x77, 0x16, 0xff, 0x70, 0x0, 0x0,
    0x0, 0x0, 0x6f, 0xf7, 0x0, 0x0, 0x0, 0x0,
    0x6, 0xff, 0x70, 0x0, 0x0, 0x0, 0x0, 0x6f,
    0xff, 0xff, 0xff, 0xea, 0x30, 0x6, 0xff, 0xff,
    0xff, 0xff, 0xff, 0x60, 0x27, 0x77, 0x77, 0x77,
    0xbf, 0xff, 0x30, 0x0, 0x0, 0x0, 0x0, 0x7f,
    0xf9, 0x0, 0x0, 0x0, 0x0, 0x1, 0xff, 0xb1,
    0x11, 0x0, 0x0, 0x0, 0xf, 0xfc, 0xef, 0xe0,
    0x0, 0x0, 0x1, 0xff, 0xbb, 0xff, 0x30, 0x0,
    0x0, 0x7f, 0xf8, 0x5f, 0xff, 0x87, 0x77, 0xaf,
    0xff, 0x20, 0xaf, 0xff, 0xff, 0xff, 0xff, 0x60,
    0x0, 0x6c, 0xff, 0xff, 0xea, 0x30, 0x0,

    /* U+0036 "6" */
    0x0, 0x18, 0xdf, 0xff, 0xec, 0x50, 0x0, 0x3,
    0xef, 0xff, 0xff, 0xff, 0xf9, 0x0, 0xd, 0xff,
    0xc8, 0x77, 0x8f, 0xff, 0x40, 0x5f, 0xfb, 0x0,
    0x0, 0x4, 0xff, 0xa0, 0x9f, 0xf4, 0x0, 0x0,
    0x0, 0x9a, 0x70, 0xbf, 0xf1, 0x0, 0x0, 0x0,
    0x0, 0x0, 0xbf, 0xf2, 0x7d, 0xff, 0xfd, 0x80,
    0x0, 0xbf, 0xfd, 0xff, 0xff, 0xff, 0xfd, 0x10,
    0xbf, 0xff, 0xf8, 0x55, 0x6c, 0xff, 0xb0, 0xbf,
    0xfe, 0x20, 0x0, 0x0, 0xdf, 0xf1, 0xbf, 0xf6,
    0x0, 0x0, 0x0, 0x9f, 0xf3, 0xaf, 0xf2, 0x0,
    0x0, 0x0, 0x8f, 0xf4, 0x9f, 0xf4, 0x0, 0x0,
    0x0, 0xaf, 0xf3, 0x5f, 0xfa, 0x0, 0x0, 0x1,
    0xff, 0xf0, 0xd, 0xff, 0xb6, 0x55, 0x7e, 0xff,
    0x80, 0x2, 0xef, 0xff, 0xff, 0xff, 0xfb, 0x0,
    0x0, 0x18, 0xdf, 0xff, 0xeb, 0x50, 0x0,

    /* U+0037 "7" */
    0xdf, 0xff, 0xff, 0xff, 0xff, 0xff, 0x1d, 0xff,
    0xff, 0xff, 0xff, 0xff, 0xf0, 0x57, 0x77, 0x77,
    0x77, 0x9f, 0xfa, 0x0, 0x0, 0x0, 0x0, 0xb,
    0xff, 0x20, 0x0, 0x0, 0x0, 0x3, 0xff, 0xb0,
    0x0, 0x0, 0x0, 0x0, 0xaf, 0xf3, 0x0, 0x0,
    0x0, 0x0, 0x2f, 0xfc, 0x0, 0x0, 0x0, 0x0,
    0xa, 0xff, 0x40, 0x0, 0x0, 0x0, 0x2, 0xff,
    0xc0, 0x0, 0x0, 0x0, 0x0, 0x9f, 0xf5, 0x0,
    0x0, 0x0, 0x0, 0x1f, 0xfd, 0x0, 0x0, 0x0,
    0x0, 0x8, 0xff, 0x60, 0x0, 0x0, 0x0, 0x0,
    0xef, 0xf0, 0x0, 0x0, 0x0, 0x0, 0x3f, 0xfa,
    0x0, 0x0, 0x0, 0x0, 0x5, 0xff, 0x70, 0x0,
    0x0, 0x0, 0x0, 0x7f, 0xf5, 0x0, 0x0, 0x0,
    0x0, 0x8, 0xff, 0x40, 0x0, 0x0, 0x0,

    /* U+0038 "8" */
    0x0, 0x4, 0xae, 0xff, 0xfe, 0xc6, 0x0, 0x0,
    0x8, 0xff, 0xff, 0xff, 0xff, 0xfc, 0x0, 0x3,
    0xff, 0xf9, 0x66, 0x68, 0xef, 0xf9, 0x0, 0x8f,
    0xf6, 0x0, 0x0, 0x1, 0xff, 0xe0, 0x9, 0xff,
    0x20, 0x0, 0x0, 0xd, 0xff, 0x0, 0x8f, 0xf4,
    0x0, 0x0, 0x0, 0xef, 0xe0, 0x3, 0xff, 0xd3,
    0x0, 0x2, 0xaf, 0xf8, 0x0, 0x6, 0xff, 0xff,
    0xff, 0xff, 0xfb, 0x0, 0x0, 0x5e, 0xff, 0xff,
    0xff, 0xff, 0x90, 0x0, 0x6f, 0xfe, 0x75, 0x55,
    0x6c, 0xff, 0xb0, 0xe, 0xfe, 0x10, 0x0, 0x0,
    0xa, 0xff, 0x42, 0xff, 0xa0, 0x0, 0x0, 0x0,
    0x5f, 0xf7, 0x2f, 0xfa, 0x0, 0x0, 0x0, 0x5,
    0xff, 0x80, 0xff, 0xe1, 0x0, 0x0, 0x0, 0xaf,
    0xf5, 0xa, 0xff, 0xe8, 0x66, 0x67, 0xcf, 0xfe,
    0x0, 0x1c, 0xff, 0xff, 0xff, 0xff, 0xff, 0x40,
    0x0, 0x6, 0xce, 0xff, 0xff, 0xd8, 0x10, 0x0,

    /* U+0039 "9" */
    0x0, 0x4, 0xae, 0xff, 0xfd, 0x92, 0x0, 0x0,
    0x9f, 0xff, 0xff, 0xff, 0xff, 0x50, 0x6, 0xff,
    0xf8, 0x55, 0x6a, 0xff, 0xf2, 0xe, 0xff, 0x30,
    0x0, 0x0, 0x7f, 0xf8, 0x1f, 0xfc, 0x0, 0x0,
    0x0, 0x1f, 0xfb, 0x2f, 0xfa, 0x0, 0x0, 0x0,
    0xf, 0xfc, 0x1f, 0xfb, 0x0, 0x0, 0x0, 0x2f,
    0xfc, 0xe, 0xff, 0x10, 0x0, 0x0, 0xbf, 0xfc,
    0x8, 0xff, 0xd7, 0x55, 0x7d, 0xff, 0xfc, 0x0,
    0xbf, 0xff, 0xff, 0xff, 0xef, 0xfc, 0x0, 0x6,
    0xcf, 0xff, 0xe9, 0x1f, 0xfc, 0x0, 0x0, 0x0,
    0x0, 0x0, 0xf, 0xfc, 0x5, 0x99, 0x10, 0x0,
    0x0, 0x1f, 0xfb, 0x8, 0xff, 0x60, 0x0, 0x0,
    0x8f, 0xf8, 0x2, 0xff, 0xf9, 0x77, 0x7b, 0xff,
    0xf2, 0x0, 0x7f, 0xff, 0xff, 0xff, 0xff, 0x60,
    0x0, 0x4, 0xbe, 0xff, 0xfe, 0xa3, 0x0,

    /* U+003A ":" */
    0x6f, 0xd1, 0xef, 0xf7, 0xbf, 0xf5, 0x6, 0x40,
    0x0, 0x0, 0x0, 0x0, 0x0, 0x0, 0x0, 0x0,
    0x6, 0x40, 0xbf, 0xf4, 0xef, 0xf7, 0x6f, 0xd1,

    /* U+003B ";" */
    0x2, 0xde, 0x50, 0x8f, 0xfd, 0x5, 0xff, 0xa0,
    0x4, 0x50, 0x0, 0x0, 0x0, 0x0, 0x0, 0x0,
    0x0, 0x0, 0x0, 0x0, 0x0, 0x11, 0x0, 0x1f,
    0xfa, 0x2, 0xff, 0xa0, 0x5f, 0xf8, 0x1d, 0xff,
    0x4b, 0xff, 0xc0, 0x3f, 0xd1, 0x0, 0x31, 0x0,

    /* U+003C "<" */
    0x0, 0x0, 0x0, 0x0, 0x0, 0x0, 0x30, 0x0,
    0x0, 0x0, 0x0, 0x6, 0xe9, 0x0, 0x0, 0x0,
    0x0, 0x5d, 0xff, 0x90, 0x0, 0x0, 0x4, 0xdf,
    0xff, 0xc3, 0x0, 0x0, 0x4c, 0xff, 0xfc, 0x40,
    0x0, 0x3, 0xbf, 0xff, 0xd5, 0x0, 0x0, 0x2a,
    0xff, 0xfd, 0x50, 0x0, 0x0, 0x6, 0xff, 0xf6,
    0x0, 0x0, 0x0, 0x0, 0x4f, 0xff, 0xe7, 0x0,
    0x0, 0x0, 0x0, 0x19, 0xff, 0xfe, 0x70, 0x0,
    0x0, 0x0, 0x2, 0xaf, 0xff, 0xe7, 0x0, 0x0,
    0x0, 0x0, 0x2a, 0xff, 0xfe, 0x70, 0x0, 0x0,
    0x0, 0x3, 0xbf, 0xff, 0x90, 0x0, 0x0, 0x0,
    0x0, 0x3b, 0xf9, 0x0, 0x0, 0x0, 0x0, 0x0,
    0x4, 0x60,

    /* U+003D "=" */
    0xff, 0xff, 0xff, 0xff, 0xff, 0xaf, 0xff, 0xff,
    0xff, 0xff, 0xfa, 0x45, 0x55, 0x55, 0x55, 0x55,
    0x30, 0x0, 0x0, 0x0, 0x0, 0x0, 0x45, 0x55,
    0x55, 0x55, 0x55, 0x3f, 0xff, 0xff, 0xff, 0xff,
    0xfa, 0xff, 0xff, 0xff, 0xff, 0xff, 0xa0,

    /* U+003E ">" */
    0x30, 0x0, 0x0, 0x0, 0x0, 0x0, 0xe, 0xb3,
    0x0, 0x0, 0x0, 0x0, 0x0, 0xff, 0xfa, 0x20,
    0x0, 0x0, 0x0, 0x7, 0xef, 0xff, 0xa2, 0x0,
    0x0, 0x0, 0x0, 0x7e, 0xff, 0xf9, 0x10, 0x0,
    0x0, 0x0, 0x7, 0xff, 0xff, 0x81, 0x0, 0x0,
    0x0, 0x1, 0x8f, 0xff, 0xf8, 0x0, 0x0, 0x0,
    0x0, 0x1a, 0xff, 0xf1, 0x0, 0x0, 0x0, 0x2a,
    0xff, 0xfd, 0x0, 0x0, 0x2, 0xaf, 0xff, 0xe6,
    0x0, 0x0, 0x2a, 0xff, 0xfe, 0x70, 0x0, 0x2,
    0x9f, 0xff, 0xf7, 0x0, 0x0, 0x0, 0xef, 0xff,
    0x81, 0x0, 0x0, 0x0, 0xf, 0xf9, 0x10, 0x0,
    0x0, 0x0, 0x0, 0x81, 0x0, 0x0, 0x0, 0x0,
    0x0, 0x0,

    /* U+003F "?" */
    0x0, 0x8, 0xdf, 0xff, 0xfc, 0x70, 0x0, 0x1d,
    0xff, 0xff, 0xff, 0xff, 0xc0, 0xb, 0xff, 0xd7,
    0x66, 0x8e, 0xff, 0x71, 0xff, 0xd0, 0x0, 0x0,
    0x2f, 0xfc, 0x4e, 0xe7, 0x0, 0x0, 0x0, 0xef,
    0xe0, 0x0, 0x0, 0x0, 0x0, 0xf, 0xfd, 0x0,
    0x0, 0x0, 0x0, 0x8, 0xff, 0xa0, 0x0, 0x0,
    0x0, 0x1b, 0xff, 0xe2, 0x0, 0x0, 0x0, 0x3e,
    0xff, 0xc2, 0x0, 0x0, 0x0, 0x1e, 0xff, 0x80,
    0x0, 0x0, 0x0, 0x6, 0xff, 0x90, 0x0, 0x0,
    0x0, 0x0, 0x8f, 0xf5, 0x0, 0x0, 0x0, 0x0,
    0x2, 0x44, 0x10, 0x0, 0x0, 0x0, 0x0, 0x5,
    0x40, 0x0, 0x0, 0x0, 0x0, 0xa, 0xff, 0x60,
    0x0, 0x0, 0x0, 0x0, 0xcf, 0xf8, 0x0, 0x0,
    0x0, 0x0, 0x5, 0xed, 0x20, 0x0, 0x0,

    /* U+0040 "@" */
    0x0, 0x1, 0x6b, 0xef, 0xff, 0xff, 0xfe, 0xc7,
    0x10, 0x0, 0x0, 0x5e, 0xff, 0xff, 0xff, 0xff,
    0xff, 0xff, 0xe5, 0x0, 0x6, 0xff, 0xfa, 0x54,
    0x33, 0x33, 0x35, 0x9f, 0xff, 0x40, 0x1f, 0xfe,
    0x30, 0x0, 0x0, 0x0, 0x0, 0x3, 0xff, 0xc0,
    0x8f, 0xf4, 0x0, 0x5c, 0xff, 0xe6, 0xff, 0x30,
    0x8f, 0xf2, 0xcf, 0xd0, 0x6, 0xff, 0xff, 0xff,
    0xff, 0x30, 0x4f, 0xf4, 0xef, 0xa0, 0xe, 0xfd,
    0x31, 0x2c, 0xff, 0x30, 0x3f, 0xf5, 0xff, 0xa0,
    0x1f, 0xf6, 0x0, 0x4, 0xff, 0x30, 0x3f, 0xf5,
    0xff, 0xa0, 0x2f, 0xf4, 0x0, 0x3, 0xff, 0x30,
    0x3f, 0xf5, 0xff, 0xa0, 0x2f, 0xf4, 0x0, 0x3,
    0xff, 0x30, 0x3f, 0xf5, 0xff, 0xa0, 0x2f, 0xf5,
    0x0, 0x6, 0xff, 0x30, 0x4f, 0xf3, 0xef, 0xa0,
    0xe, 0xfc, 0x21, 0x4e, 0xff, 0x91, 0x9f, 0xf1,
    0xdf, 0xb0, 0x7, 0xff, 0xff, 0xff, 0xef, 0xff,
    0xff, 0x90, 0xbf, 0xf0, 0x0, 0x6d, 0xff, 0xe9,
    0x17, 0xef, 0xe9, 0x0, 0x5f, 0xfa, 0x0, 0x0,
    0x0, 0x0, 0x0, 0x0, 0x0, 0x0, 0xc, 0xff,
    0xd6, 0x43, 0x33, 0x34, 0x58, 0xcb, 0x0, 0x0,
    0x1, 0xbf, 0xff, 0xff, 0xff, 0xff, 0xff, 0xff,
    0x30, 0x0, 0x0, 0x5, 0xad, 0xff, 0xff, 0xff,
    0xeb, 0x71, 0x0, 0x0,

    /* U+0041 "A" */
    0x0, 0x0, 0x0, 0x6f, 0xe5, 0x0, 0x0, 0x0,
    0x0, 0x0, 0x0, 0xcf, 0xfe, 0x0, 0x0, 0x0,
    0x0, 0x0, 0x3, 0xff, 0xff, 0x40, 0x0, 0x0,
    0x0, 0x0, 0x9, 0xff, 0xff, 0xb0, 0x0, 0x0,
    0x0, 0x0, 0xe, 0xfb, 0x9f, 0xf1, 0x0, 0x0,
    0x0, 0x0, 0x5f, 0xf5, 0x4f, 0xf7, 0x0, 0x0,
    0x0, 0x0, 0xbf, 0xf0, 0xe, 0xfd, 0x0, 0x0,
    0x0, 0x1, 0xff, 0xa0, 0x8, 0xff, 0x30, 0x0,
    0x0, 0x8, 0xff, 0x40, 0x3, 0xff, 0x90, 0x0,
    0x0, 0xe, 0xfe, 0x0, 0x0, 0xdf, 0xf0, 0x0,
    0x0, 0x4f, 0xfb, 0x55, 0x55, 0xaf, 0xf5, 0x0,
    0x0, 0xaf, 0xff, 0xff, 0xff, 0xff, 0xfb, 0x0,
    0x1, 0xff, 0xff, 0xff, 0xff, 0xff, 0xff, 0x20,
    0x6, 0xff, 0x80, 0x0, 0x0, 0x6, 0xff, 0x80,
    0xc, 0xff, 0x20, 0x0, 0x0, 0x1, 0xff, 0xe0,
    0x3f, 0xfb, 0x0, 0x0, 0x0, 0x0, 0xaf, 0xf4,
    0x9f, 0xf5, 0x0, 0x0, 0x0, 0x0, 0x4f, 0xfa,

    /* U+0042 "B" */
    0x6f, 0xff, 0xff, 0xff, 0xfe, 0xb4, 0x0, 0x6,
    0xff, 0xff, 0xff, 0xff, 0xff, 0xf7, 0x0, 0x6f,
    0xfa, 0x66, 0x66, 0x6a, 0xff, 0xf2, 0x6, 0xff,
    0x70, 0x0, 0x0, 0x8, 0xff, 0x70, 0x6f, 0xf7,
    0x0, 0x0, 0x0, 0x4f, 0xf8, 0x6, 0xff, 0x70,
    0x0, 0x0, 0x4, 0xff, 0x70, 0x6f, 0xf7, 0x0,
    0x0, 0x0, 0x8f, 0xf5, 0x6, 0xff, 0x94, 0x44,
    0x44, 0x7f, 0xfd, 0x0, 0x6f, 0xff, 0xff, 0xff,
    0xff, 0xff, 0x60, 0x6, 0xff, 0xff, 0xff, 0xff,
    0xff, 0xff, 0x90, 0x6f, 0xf7, 0x0, 0x0, 0x0,
    0x2c, 0xff, 0x46, 0xff, 0x70, 0x0, 0x0, 0x0,
    0x4f, 0xf8, 0x6f, 0xf7, 0x0, 0x0, 0x0, 0x3,
    0xff, 0x96, 0xff, 0x70, 0x0, 0x0, 0x0, 0x7f,
    0xf8, 0x5f, 0xfa, 0x66, 0x66, 0x67, 0xaf, 0xff,
    0x34, 0xff, 0xff, 0xff, 0xff, 0xff, 0xff, 0x90,
    0x9, 0xff, 0xff, 0xff, 0xff, 0xeb, 0x50, 0x0,

    /* U+0043 "C" */
    0x0, 0x6, 0xce, 0xff, 0xfe, 0xb5, 0x0, 0x0,
    0x1c, 0xff, 0xff, 0xff, 0xff, 0xfb, 0x0, 0xc,
    0xff, 0xe8, 0x77, 0x79, 0xff, 0xf9, 0x4, 0xff,
    0xd1, 0x0, 0x0, 0x2, 0xef, 0xf1, 0xaf, 0xf5,
    0x0, 0x0, 0x0, 0x7, 0xff, 0x6c, 0xff, 0x10,
    0x0, 0x0, 0x0, 0x3d, 0xd6, 0xdf, 0xf0, 0x0,
    0x0, 0x0, 0x0, 0x0, 0xd, 0xff, 0x0, 0x0,
    0x0, 0x0, 0x0, 0x0, 0xdf, 0xf0, 0x0, 0x0,
    0x0, 0x0, 0x0, 0xd, 0xff, 0x0, 0x0, 0x0,
    0x0, 0x0, 0x0, 0xdf, 0xf0, 0x0, 0x0, 0x0,
    0x0, 0x33, 0x1c, 0xff, 0x0, 0x0, 0x0, 0x0,
    0x4f, 0xf8, 0xaf, 0xf4, 0x0, 0x0, 0x0, 0x8,
    0xff, 0x54, 0xff, 0xd0, 0x0, 0x0, 0x2, 0xff,
    0xf1, 0xc, 0xff, 0xd8, 0x77, 0x78, 0xff, 0xf8,
    0x0, 0x1d, 0xff, 0xff, 0xff, 0xff, 0xfa, 0x0,
    0x0, 0x7, 0xce, 0xff, 0xfe, 0xb5, 0x0, 0x0,

    /* U+0044 "D" */
    0x6f, 0xff, 0xff, 0xff, 0xfe, 0xa4, 0x0, 0x6,
    0xff, 0xff, 0xff, 0xff, 0xff, 0xfa, 0x0, 0x6f,
    0xfa, 0x77, 0x77, 0x7a, 0xff, 0xf9, 0x6, 0xff,
    0x70, 0x0, 0x0, 0x3, 0xff, 0xf1, 0x6f, 0xf7,
    0x0, 0x0, 0x0, 0x8, 0xff, 0x66, 0xff, 0x70,
    0x0, 0x0, 0x0, 0x4f, 0xf8, 0x6f, 0xf7, 0x0,
    0x0, 0x0, 0x3, 0xff, 0x96, 0xff, 0x70, 0x0,
    0x0, 0x0, 0x3f, 0xf9, 0x6f, 0xf7, 0x0, 0x0,
    0x0, 0x3, 0xff, 0x96, 0xff, 0x70, 0x0, 0x0,
    0x0, 0x3f, 0xf9, 0x6f, 0xf7, 0x0, 0x0, 0x0,
    0x3, 0xff, 0x96, 0xff, 0x70, 0x0, 0x0, 0x0,
    0x5f, 0xf8, 0x6f, 0xf7, 0x0, 0x0, 0x0, 0x9,
    0xff, 0x66, 0xff, 0x70, 0x0, 0x0, 0x3, 0xff,
    0xf2, 0x5f, 0xfa, 0x77, 0x77, 0x7a, 0xff, 0xfa,
    0x4, 0xff, 0xff, 0xff, 0xff, 0xff, 0xfc, 0x10,
    0x9, 0xff, 0xff, 0xff, 0xfe, 0xb6, 0x0, 0x0,

    /* U+0045 "E" */
    0x6f, 0xff, 0xff, 0xff, 0xff, 0xff, 0xf6, 0xff,
    0xff, 0xff, 0xff, 0xff, 0xff, 0x6f, 0xfa, 0x66,
    0x66, 0x66, 0x66, 0x56, 0xff, 0x70, 0x0, 0x0,
    0x0, 0x0, 0x6f, 0xf7, 0x0, 0x0, 0x0, 0x0,
    0x6, 0xff, 0x70, 0x0, 0x0, 0x0, 0x0, 0x6f,
    0xf7, 0x0, 0x0, 0x0, 0x0, 0x6, 0xff, 0xa6,
    0x66, 0x66, 0x66, 0x61, 0x6f, 0xff, 0xff, 0xff,
    0xff, 0xff, 0x36, 0xff, 0xff, 0xff, 0xff, 0xff,
    0xf3, 0x6f, 0xf7, 0x0, 0x0, 0x0, 0x0, 0x6,
    0xff, 0x70, 0x0, 0x0, 0x0, 0x0, 0x6f, 0xf7,
    0x0, 0x0, 0x0, 0x0, 0x6, 0xff, 0x70, 0x0,
    0x0, 0x0, 0x0, 0x5f, 0xfa, 0x66, 0x66, 0x66,
    0x66, 0x54, 0xff, 0xff, 0xff, 0xff, 0xff, 0xff,
    0x9, 0xff, 0xff, 0xff, 0xff, 0xff, 0xf0,

    /* U+0046 "F" */
    0x6f, 0xff, 0xff, 0xff, 0xff, 0xff, 0xb6, 0xff,
    0xff, 0xff, 0xff, 0xff, 0xfb, 0x6f, 0xfa, 0x66,
    0x66, 0x66, 0x66, 0x46, 0xff, 0x70, 0x0, 0x0,
    0x0, 0x0, 0x6f, 0xf7, 0x0, 0x0, 0x0, 0x0,
    0x6, 0xff, 0x70, 0x0, 0x0, 0x0, 0x0, 0x6f,
    0xf7, 0x0, 0x0, 0x0, 0x0, 0x6, 0xff, 0x70,
    0x0, 0x0, 0x0, 0x0, 0x6f, 0xff, 0xff, 0xff,
    0xff, 0xfd, 0x6, 0xff, 0xff, 0xff, 0xff, 0xff,
    0xd0, 0x6f, 0xfa, 0x66, 0x66, 0x66, 0x65, 0x6,
    0xff, 0x70, 0x0, 0x0, 0x0, 0x0, 0x6f, 0xf7,
    0x0, 0x0, 0x0, 0x0, 0x6, 0xff, 0x70, 0x0,
    0x0, 0x0, 0x0, 0x6f, 0xf7, 0x0, 0x0, 0x0,
    0x0, 0x6, 0xff, 0x70, 0x0, 0x0, 0x0, 0x0,
    0x6f, 0xf7, 0x0, 0x0, 0x0, 0x0, 0x0,

    /* U+0047 "G" */
    0x0, 0x6, 0xce, 0xff, 0xfe, 0xc7, 0x0, 0x0,
    0x1c, 0xff, 0xff, 0xff, 0xff, 0xfd, 0x10, 0xc,
    0xff, 0xe8, 0x77, 0x78, 0xef, 0xfc, 0x4, 0xff,
    0xd1, 0x0, 0x0, 0x0, 0xdf, 0xf4, 0xaf, 0xf5,
    0x0, 0x0, 0x0, 0x4, 0xff, 0x8c, 0xff, 0x10,
    0x0, 0x0, 0x0, 0x1a, 0xa6, 0xdf, 0xf0, 0x0,
    0x0, 0x0, 0x0, 0x0, 0xd, 0xff, 0x0, 0x0,
    0x0, 0x0, 0x0, 0x0, 0xdf, 0xf0, 0x0, 0x9,
    0xff, 0xff, 0xff, 0xdd, 0xff, 0x0, 0x0, 0x9f,
    0xff, 0xff, 0xfd, 0xdf, 0xf0, 0x0, 0x4, 0x66,
    0x66, 0xff, 0xdc, 0xff, 0x10, 0x0, 0x0, 0x0,
    0xf, 0xfc, 0xaf, 0xf4, 0x0, 0x0, 0x0, 0x3,
    0xff, 0xa4, 0xff, 0xd0, 0x0, 0x0, 0x0, 0xcf,
    0xf5, 0xc, 0xff, 0xe8, 0x77, 0x78, 0xdf, 0xfd,
    0x0, 0x1d, 0xff, 0xff, 0xff, 0xff, 0xfd, 0x20,
    0x0, 0x6, 0xce, 0xff, 0xfe, 0xc7, 0x0, 0x0,

    /* U+0048 "H" */
    0x6f, 0xf7, 0x0, 0x0, 0x0, 0x4, 0xff, 0x86,
    0xff, 0x70, 0x0, 0x0, 0x0, 0x4f, 0xf8, 0x6f,
    0xf7, 0x0, 0x0, 0x0, 0x4, 0xff, 0x86, 0xff,
    0x70, 0x0, 0x0, 0x0, 0x4f, 0xf8, 0x6f, 0xf7,
    0x0, 0x0, 0x0, 0x4, 0xff, 0x86, 0xff, 0x70,
    0x0, 0x0, 0x0, 0x4f, 0xf8, 0x6f, 0xf7, 0x0,
    0x0, 0x0, 0x4, 0xff, 0x86, 0xff, 0xa6, 0x66,
    0x66, 0x66, 0x8f, 0xf8, 0x6f, 0xff, 0xff, 0xff,
    0xff, 0xff, 0xff, 0x86, 0xff, 0xff, 0xff, 0xff,
    0xff, 0xff, 0xf8, 0x6f, 0xf7, 0x0, 0x0, 0x0,
    0x4, 0xff, 0x86, 0xff, 0x70, 0x0, 0x0, 0x0,
    0x4f, 0xf8, 0x6f, 0xf7, 0x0, 0x0, 0x0, 0x4,
    0xff, 0x86, 0xff, 0x70, 0x0, 0x0, 0x0, 0x4f,
    0xf8, 0x6f, 0xf7, 0x0, 0x0, 0x0, 0x4, 0xff,
    0x86, 0xff, 0x70, 0x0, 0x0, 0x0, 0x4f, 0xf8,
    0x6f, 0xf7, 0x0, 0x0, 0x0, 0x4, 0xff, 0x80,

    /* U+0049 "I" */
    0x2f, 0xfb, 0x2f, 0xfb, 0x2f, 0xfb, 0x2f, 0xfb,
    0x2f, 0xfb, 0x2f, 0xfb, 0x2f, 0xfb, 0x2f, 0xfb,
    0x2f, 0xfb, 0x2f, 0xfb, 0x2f, 0xfb, 0x2f, 0xfb,
    0x2f, 0xfb, 0x2f, 0xfb, 0x2f, 0xfb, 0x2f, 0xfb,
    0x2f, 0xfb,

    /* U+004A "J" */
    0x0, 0x0, 0x0, 0x0, 0x0, 0xff, 0xd0, 0x0,
    0x0, 0x0, 0x0, 0xf, 0xfd, 0x0, 0x0, 0x0,
    0x0, 0x0, 0xff, 0xd0, 0x0, 0x0, 0x0, 0x0,
    0xf, 0xfd, 0x0, 0x0, 0x0, 0x0, 0x0, 0xff,
    0xd0, 0x0, 0x0, 0x0, 0x0, 0xf, 0xfd, 0x0,
    0x0, 0x0, 0x0, 0x0, 0xff, 0xd0, 0x0, 0x0,
    0x0, 0x0, 0xf, 0xfd, 0x0, 0x0, 0x0, 0x0,
    0x0, 0xff, 0xd0, 0x0, 0x0, 0x0, 0x0, 0xf,
    0xfd, 0x0, 0x0, 0x0, 0x0, 0x0, 0xff, 0xd5,
    0xdd, 0x40, 0x0, 0x0, 0xf, 0xfd, 0x5f, 0xf7,
    0x0, 0x0, 0x2, 0xff, 0xb1, 0xff, 0xd0, 0x0,
    0x0, 0x9f, 0xf7, 0xa, 0xff, 0xd7, 0x77, 0xbf,
    0xfe, 0x10, 0x1d, 0xff, 0xff, 0xff, 0xff, 0x50,
    0x0, 0x7, 0xdf, 0xff, 0xea, 0x30, 0x0,

    /* U+004B "K" */
    0x6f, 0xf7, 0x0, 0x0, 0x0, 0xcf, 0xf9, 0x6,
    0xff, 0x70, 0x0, 0x0, 0xbf, 0xfa, 0x0, 0x6f,
    0xf7, 0x0, 0x0, 0xaf, 0xfb, 0x0, 0x6, 0xff,
    0x70, 0x0, 0x9f, 0xfc, 0x0, 0x0, 0x6f, 0xf7,
    0x0, 0x8f, 0xfc, 0x0, 0x0, 0x6, 0xff, 0x70,
    0x6f, 0xfd, 0x10, 0x0, 0x0, 0x6f, 0xf7, 0x5f,
    0xfe, 0x20, 0x0, 0x0, 0x6, 0xff, 0xbf, 0xff,
    0x50, 0x0, 0x0, 0x0, 0x6f, 0xff, 0xff, 0xfd,
    0x0, 0x0, 0x0, 0x6, 0xff, 0xff, 0xdf, 0xfa,
    0x0, 0x0, 0x0, 0x6f, 0xff, 0x51, 0xef, 0xf7,
    0x0, 0x0, 0x6, 0xff, 0x80, 0x3, 0xff, 0xf3,
    0x0, 0x0, 0x6f, 0xf7, 0x0, 0x7, 0xff, 0xe1,
    0x0, 0x6, 0xff, 0x70, 0x0, 0xa, 0xff, 0xc0,
    0x0, 0x6f, 0xf7, 0x0, 0x0, 0xd, 0xff, 0x80,
    0x6, 0xff, 0x70, 0x0, 0x0, 0x2f, 0xff, 0x50,
    0x6f, 0xf7, 0x0, 0x0, 0x0, 0x5f, 0xff, 0x20,

    /* U+004C "L" */
    0x6f, 0xf7, 0x0, 0x0, 0x0, 0x0, 0x6, 0xff,
    0x70, 0x0, 0x0, 0x0, 0x0, 0x6f, 0xf7, 0x0,
    0x0, 0x0, 0x0, 0x6, 0xff, 0x70, 0x0, 0x0,
    0x0, 0x0, 0x6f, 0xf7, 0x0, 0x0, 0x0, 0x0,
    0x6, 0xff, 0x70, 0x0, 0x0, 0x0, 0x0, 0x6f,
    0xf7, 0x0, 0x0, 0x0, 0x0, 0x6, 0xff, 0x70,
    0x0, 0x0, 0x0, 0x0, 0x6f, 0xf7, 0x0, 0x0,
    0x0, 0x0, 0x6, 0xff, 0x70, 0x0, 0x0, 0x0,
    0x0, 0x6f, 0xf7, 0x0, 0x0, 0x0, 0x0, 0x6,
    0xff, 0x70, 0x0, 0x0, 0x0, 0x0, 0x6f, 0xf7,
    0x0, 0x0, 0x0, 0x0, 0x6, 0xff, 0x70, 0x0,
    0x0, 0x0, 0x0, 0x5f, 0xfa, 0x66, 0x66, 0x66,
    0x66, 0x34, 0xff, 0xff, 0xff, 0xff, 0xff, 0xf9,
    0xa, 0xff, 0xff, 0xff, 0xff, 0xff, 0x90,

    /* U+004D "M" */
    0x6f, 0xf7, 0x0, 0x0, 0x0, 0x0, 0x0, 0xef,
    0xe6, 0xff, 0xe0, 0x0, 0x0, 0x0, 0x0, 0x6f,
    0xfe, 0x6f, 0xff, 0x80, 0x0, 0x0, 0x0, 0xe,
    0xff, 0xe6, 0xff, 0xff, 0x10, 0x0, 0x0, 0x7,
    0xff, 0xfe, 0x6f, 0xff, 0xf9, 0x0, 0x0, 0x1,
    0xef, 0xff, 0xe6, 0xff, 0xdf, 0xf2, 0x0, 0x0,
    0x8f, 0xfe, 0xfe, 0x6f, 0xf6, 0xef, 0xa0, 0x0,
    0x1f, 0xf7, 0xdf, 0xe6, 0xff, 0x66, 0xff, 0x30,
    0x9, 0xfe, 0xd, 0xfe, 0x6f, 0xf6, 0xd, 0xfc,
    0x2, 0xff, 0x60, 0xdf, 0xe6, 0xff, 0x60, 0x4f,
    0xf4, 0xaf, 0xd0, 0xd, 0xfe, 0x6f, 0xf6, 0x0,
    0xcf, 0xef, 0xf5, 0x0, 0xdf, 0xe6, 0xff, 0x60,
    0x3, 0xff, 0xfd, 0x0, 0xd, 0xfe, 0x6f, 0xf6,
    0x0, 0xa, 0xff, 0x40, 0x0, 0xdf, 0xe6, 0xff,
    0x60, 0x0, 0x2c, 0x70, 0x0, 0xd, 0xfe, 0x6f,
    0xf6, 0x0, 0x0, 0x0, 0x0, 0x0, 0xdf, 0xe6,
    0xff, 0x60, 0x0, 0x0, 0x0, 0x0, 0xd, 0xfe,
    0x6f, 0xf6, 0x0, 0x0, 0x0, 0x0, 0x0, 0xdf,
    0xe0,

    /* U+004E "N" */
    0x6f, 0xf7, 0x0, 0x0, 0x0, 0x5, 0xff, 0x66,
    0xff, 0xf3, 0x0, 0x0, 0x0, 0x5f, 0xf6, 0x6f,
    0xff, 0xd0, 0x0, 0x0, 0x5, 0xff, 0x66, 0xff,
    0xff, 0x80, 0x0, 0x0, 0x5f, 0xf6, 0x6f, 0xff,
    0xff, 0x30, 0x0, 0x5, 0xff, 0x66, 0xff, 0x7e,
    0xfd, 0x0, 0x0, 0x5f, 0xf6, 0x6f, 0xf6, 0x5f,
    0xf9, 0x0, 0x5, 0xff, 0x66, 0xff, 0x60, 0xaf,
    0xf4, 0x0, 0x5f, 0xf6, 0x6f, 0xf6, 0x1, 0xef,
    0xe1, 0x5, 0xff, 0x66, 0xff, 0x60, 0x4, 0xff,
    0xa0, 0x5f, 0xf6, 0x6f, 0xf6, 0x0, 0x9, 0xff,
    0x55, 0xff, 0x66, 0xff, 0x60, 0x0, 0xd, 0xfe,
    0x7f, 0xf6, 0x6f, 0xf6, 0x0, 0x0, 0x3f, 0xfe,
    0xff, 0x66, 0xff, 0x60, 0x0, 0x0, 0x8f, 0xff,
    0xf6, 0x6f, 0xf6, 0x0, 0x0, 0x0, 0xdf, 0xff,
    0x66, 0xff, 0x60, 0x0, 0x0, 0x3, 0xff, 0xf6,
    0x6f, 0xf6, 0x0, 0x0, 0x0, 0x7, 0xff, 0x60,

    /* U+004F "O" */
    0x0, 0x6, 0xce, 0xff, 0xfe, 0xc7, 0x0, 0x0,
    0x1, 0xcf, 0xff, 0xff, 0xff, 0xff, 0xd2, 0x0,
    0xb, 0xff, 0xe8, 0x77, 0x78, 0xdf, 0xfd, 0x0,
    0x4f, 0xfd, 0x10, 0x0, 0x0, 0xc, 0xff, 0x70,
    0x9f, 0xf5, 0x0, 0x0, 0x0, 0x2, 0xff, 0xc0,
    0xcf, 0xf1, 0x0, 0x0, 0x0, 0x0, 0xef, 0xe0,
    0xdf, 0xf0, 0x0, 0x0, 0x0, 0x0, 0xcf, 0xf0,
    0xdf, 0xf0, 0x0, 0x0, 0x0, 0x0, 0xcf, 0xf0,
    0xdf, 0xf0, 0x0, 0x0, 0x0, 0x0, 0xcf, 0xf0,
    0xdf, 0xf0, 0x0, 0x0, 0x0, 0x0, 0xcf, 0xf0,
    0xdf, 0xf0, 0x0, 0x0, 0x0, 0x0, 0xcf, 0xf0,
    0xcf, 0xf1, 0x0, 0x0, 0x0, 0x0, 0xef, 0xe0,
    0x9f, 0xf5, 0x0, 0x0, 0x0, 0x2, 0xff, 0xc0,
    0x4f, 0xfd, 0x10, 0x0, 0x0, 0xc, 0xff, 0x70,
    0xb, 0xff, 0xe8, 0x77, 0x78, 0xdf, 0xfd, 0x0,
    0x1, 0xcf, 0xff, 0xff, 0xff, 0xff, 0xd2, 0x0,
    0x0, 0x6, 0xce, 0xff, 0xfe, 0xc7, 0x0, 0x0,

    /* U+0050 "P" */
    0x6f, 0xff, 0xff, 0xff, 0xff, 0xd8, 0x0, 0x6f,
    0xff, 0xff, 0xff, 0xff, 0xff, 0xd0, 0x6f, 0xfa,
    0x66, 0x66, 0x67, 0xdf, 0xf8, 0x6f, 0xf7, 0x0,
    0x0, 0x0, 0x1f, 0xfd, 0x6f, 0xf7, 0x0, 0x0,
    0x0, 0xe, 0xff, 0x6f, 0xf7, 0x0, 0x0, 0x0,
    0xd, 0xff, 0x6f, 0xf7, 0x0, 0x0, 0x0, 0xd,
    0xff, 0x6f, 0xf7, 0x0, 0x0, 0x0, 0xf, 0xfe,
    0x6f, 0xf7, 0x0, 0x0, 0x1, 0xaf, 0xfa, 0x6f,
    0xff, 0xff, 0xff, 0xff, 0xff, 0xf2, 0x6f, 0xff,
    0xff, 0xff, 0xff, 0xfd, 0x30, 0x6f, 0xfa, 0x66,
    0x66, 0x66, 0x30, 0x0, 0x6f, 0xf7, 0x0, 0x0,
    0x0, 0x0, 0x0, 0x6f, 0xf7, 0x0, 0x0, 0x0,
    0x0, 0x0, 0x6f, 0xf7, 0x0, 0x0, 0x0, 0x0,
    0x0, 0x6f, 0xf7, 0x0, 0x0, 0x0, 0x0, 0x0,
    0x6f, 0xf7, 0x0, 0x0, 0x0, 0x0, 0x0,

    /* U+0051 "Q" */
    0x0, 0x6, 0xbe, 0xff, 0xfe, 0xc7, 0x0, 0x0,
    0x1, 0xcf, 0xff, 0xff, 0xff, 0xff, 0xd2, 0x0,
    0xb, 0xff, 0xe8, 0x77, 0x78, 0xdf, 0xfd, 0x0,
    0x4f, 0xfd, 0x10, 0x0, 0x0, 0xc, 0xff, 0x70,
    0x9f, 0xf5, 0x0, 0x0, 0x0, 0x2, 0xff, 0xc0,
    0xcf, 0xf1, 0x0, 0x0, 0x0, 0x0, 0xef, 0xe0,
    0xdf, 0xf0, 0x0, 0x0, 0x0, 0x0, 0xcf, 0xf0,
    0xdf, 0xf0, 0x0, 0x0, 0x0, 0x0, 0xcf, 0xf0,
    0xdf, 0xf0, 0x0, 0x0, 0x0, 0x0, 0xcf, 0xf0,
    0xdf, 0xf0, 0x0, 0x0, 0x0, 0x0, 0xcf, 0xf0,
    0xdf, 0xf0, 0x0, 0x0, 0x9, 0x30, 0xcf, 0xf0,
    0xcf, 0xf1, 0x0, 0x0, 0xaf, 0xe3, 0xef, 0xf0,
    0x9f, 0xf5, 0x0, 0x0, 0x7f, 0xff, 0xff, 0xb0,
    0x4f, 0xfd, 0x10, 0x0, 0x7, 0xff, 0xff, 0x40,
    0xb, 0xff, 0xe8, 0x77, 0x78, 0xff, 0xff, 0x40,
    0x1, 0xcf, 0xff, 0xff, 0xff, 0xff, 0xff, 0xf4,
    0x0, 0x6, 0xce, 0xff, 0xff, 0xb5, 0x5f, 0xf4,
    0x0, 0x0, 0x0, 0x0, 0x0, 0x0, 0x5, 0x50,

    /* U+0052 "R" */
    0x6f, 0xff, 0xff, 0xff, 0xff, 0xd8, 0x0, 0x6,
    0xff, 0xff, 0xff, 0xff, 0xff, 0xfd, 0x0, 0x6f,
    0xfa, 0x66, 0x66, 0x67, 0xdf, 0xf8, 0x6, 0xff,
    0x70, 0x0, 0x0, 0x1, 0xff, 0xc0, 0x6f, 0xf7,
    0x0, 0x0, 0x0, 0xe, 0xfe, 0x6, 0xff, 0x70,
    0x0, 0x0, 0x0, 0xef, 0xe0, 0x6f, 0xf7, 0x0,
    0x0, 0x0, 0xf, 0xfd, 0x6, 0xff, 0x70, 0x0,
    0x0, 0x4, 0xff, 0xa0, 0x6f, 0xfa, 0x66, 0x66,
    0x68, 0xff, 0xe2, 0x6, 0xff, 0xff, 0xff, 0xff,
    0xff, 0xc2, 0x0, 0x6f, 0xff, 0xff, 0xff, 0xff,
    0xf9, 0x0, 0x6, 0xff, 0x70, 0x0, 0x2, 0xcf,
    0xf7, 0x0, 0x6f, 0xf7, 0x0, 0x0, 0x1, 0xff,
    0xe0, 0x6, 0xff, 0x70, 0x0, 0x0, 0xa, 0xff,
    0x40, 0x6f, 0xf7, 0x0, 0x0, 0x0, 0x4f, 0xf9,
    0x6, 0xff, 0x70, 0x0, 0x0, 0x0, 0xff, 0xe0,
    0x6f, 0xf7, 0x0, 0x0, 0x0, 0xa, 0xff, 0x40,

    /* U+0053 "S" */
    0x0, 0x5b, 0xef, 0xff, 0xfd, 0x80, 0x0, 0xa,
    0xff, 0xff, 0xff, 0xff, 0xfd, 0x10, 0x6f, 0xff,
    0x97, 0x77, 0x7d, 0xff, 0xa0, 0xbf, 0xf4, 0x0,
    0x0, 0x0, 0xdf, 0xf1, 0xcf, 0xf0, 0x0, 0x0,
    0x0, 0x7e, 0xe2, 0xcf, 0xf2, 0x0, 0x0, 0x0,
    0x0, 0x0, 0x9f, 0xfc, 0x51, 0x0, 0x0, 0x0,
    0x0, 0x2e, 0xff, 0xff, 0xfc, 0x96, 0x10, 0x0,
    0x1, 0xaf, 0xff, 0xff, 0xff, 0xfb, 0x20, 0x0,
    0x0, 0x47, 0x9c, 0xff, 0xff, 0xe1, 0x0, 0x0,
    0x0, 0x0, 0x3, 0xdf, 0xf7, 0x45, 0x40, 0x0,
    0x0, 0x0, 0x4f, 0xf8, 0xdf, 0xe0, 0x0, 0x0,
    0x0, 0x3f, 0xf8, 0xaf, 0xf5, 0x0, 0x0, 0x0,
    0x8f, 0xf7, 0x4f, 0xff, 0xa7, 0x77, 0x7b, 0xff,
    0xf2, 0x8, 0xff, 0xff, 0xff, 0xff, 0xff, 0x60,
    0x0, 0x4b, 0xef, 0xff, 0xfe, 0xa3, 0x0,

    /* U+0054 "T" */
    0x9f, 0xff, 0xff, 0xff, 0xff, 0xff, 0xfe, 0x9f,
    0xff, 0xff, 0xff, 0xff, 0xff, 0xfe, 0x36, 0x66,
    0x68, 0xff, 0xb6, 0x66, 0x65, 0x0, 0x0, 0x3,
    0xff, 0x90, 0x0, 0x0, 0x0, 0x0, 0x3, 0xff,
    0x90, 0x0, 0x0, 0x0, 0x0, 0x3, 0xff, 0x90,
    0x0, 0x0, 0x0, 0x0, 0x3, 0xff, 0x90, 0x0,
    0x0, 0x0, 0x0, 0x3, 0xff, 0x90, 0x0, 0x0,
    0x0, 0x0, 0x3, 0xff, 0x90, 0x0, 0x0, 0x0,
    0x0, 0x3, 0xff, 0x90, 0x0, 0x0, 0x0, 0x0,
    0x3, 0xff, 0x90, 0x0, 0x0, 0x0, 0x0, 0x3,
    0xff, 0x90, 0x0, 0x0, 0x0, 0x0, 0x3, 0xff,
    0x90, 0x0, 0x0, 0x0, 0x0, 0x3, 0xff, 0x90,
    0x0, 0x0, 0x0, 0x0, 0x3, 0xff, 0x90, 0x0,
    0x0, 0x0, 0x0, 0x3, 0xff, 0x90, 0x0, 0x0,
    0x0, 0x0, 0x3, 0xff, 0x90, 0x0, 0x0,

    /* U+0055 "U" */
    0x7f, 0xf5, 0x0, 0x0, 0x0, 0x4, 0xff, 0x87,
    0xff, 0x50, 0x0, 0x0, 0x0, 0x4f, 0xf8, 0x7f,
    0xf5, 0x0, 0x0, 0x0, 0x4, 0xff, 0x87, 0xff,
    0x50, 0x0, 0x0, 0x0, 0x4f, 0xf8, 0x7f, 0xf5,
    0x0, 0x0, 0x0, 0x4, 0xff, 0x87, 0xff, 0x50,
    0x0, 0x0, 0x0, 0x4f, 0xf8, 0x7f, 0xf5, 0x0,
    0x0, 0x0, 0x4, 0xff, 0x87, 0xff, 0x50, 0x0,
    0x0, 0x0, 0x4f, 0xf8, 0x7f, 0xf5, 0x0, 0x0,
    0x0, 0x4, 0xff, 0x87, 0xff, 0x50, 0x0, 0x0,
    0x0, 0x4f, 0xf8, 0x7f, 0xf5, 0x0, 0x0, 0x0,
    0x4, 0xff, 0x86, 0xff, 0x60, 0x0, 0x0, 0x0,
    0x5f, 0xf7, 0x5f, 0xf9, 0x0, 0x0, 0x0, 0x8,
    0xff, 0x50, 0xff, 0xf2, 0x0, 0x0, 0x2, 0xff,
    0xf1, 0x8, 0xff, 0xf9, 0x77, 0x79, 0xef, 0xf9,
    0x0, 0xb, 0xff, 0xff, 0xff, 0xff, 0xfb, 0x0,
    0x0, 0x5, 0xbe, 0xff, 0xfe, 0xc6, 0x0, 0x0,

    /* U+0056 "V" */
    0x9f, 0xf5, 0x0, 0x0, 0x0, 0x0, 0x9f, 0xf4,
    0x3f, 0xfa, 0x0, 0x0, 0x0, 0x0, 0xef, 0xe0,
    0xd, 0xff, 0x0, 0x0, 0x0, 0x4, 0xff, 0x80,
    0x7, 0xff, 0x50, 0x0, 0x0, 0xa, 0xff, 0x20,
    0x1, 0xff, 0xb0, 0x0, 0x0, 0xf, 0xfc, 0x0,
    0x0, 0xbf, 0xf1, 0x0, 0x0, 0x5f, 0xf6, 0x0,
    0x0, 0x5f, 0xf6, 0x0, 0x0, 0xbf, 0xf1, 0x0,
    0x0, 0xf, 0xfc, 0x0, 0x1, 0xff, 0xa0, 0x0,
    0x0, 0xa, 0xff, 0x10, 0x6, 0xff, 0x40, 0x0,
    0x0, 0x4, 0xff, 0x70, 0xb, 0xfe, 0x0, 0x0,
    0x0, 0x0, 0xef, 0xc0, 0x1f, 0xf8, 0x0, 0x0,
    0x0, 0x0, 0x8f, 0xf2, 0x7f, 0xf2, 0x0, 0x0,
    0x0, 0x0, 0x2f, 0xf8, 0xcf, 0xc0, 0x0, 0x0,
    0x0, 0x0, 0xc, 0xfe, 0xff, 0x60, 0x0, 0x0,
    0x0, 0x0, 0x6, 0xff, 0xff, 0x10, 0x0, 0x0,
    0x0, 0x0, 0x1, 0xff, 0xfa, 0x0, 0x0, 0x0,
    0x0, 0x0, 0x0, 0x6f, 0xf4, 0x0, 0x0, 0x0,

    /* U+0057 "W" */
    0x5f, 0xf7, 0x0, 0x0, 0x1, 0x10, 0x0, 0x0,
    0xa, 0xff, 0x22, 0xff, 0x90, 0x0, 0x0, 0xdf,
    0x80, 0x0, 0x0, 0xdf, 0xf0, 0xf, 0xfc, 0x0,
    0x0, 0x2f, 0xff, 0x0, 0x0, 0xf, 0xfc, 0x0,
    0xcf, 0xf0, 0x0, 0x7, 0xff, 0xf5, 0x0, 0x2,
    0xff, 0x90, 0x9, 0xff, 0x20, 0x0, 0xcf, 0xff,
    0xa0, 0x0, 0x5f, 0xf6, 0x0, 0x6f, 0xf4, 0x0,
    0x1f, 0xf6, 0xfe, 0x0, 0x8, 0xff, 0x20, 0x3,
    0xff, 0x70, 0x5, 0xfd, 0xf, 0xf3, 0x0, 0xbf,
    0xf0, 0x0, 0xf, 0xfa, 0x0, 0xaf, 0x80, 0xaf,
    0x80, 0xe, 0xfc, 0x0, 0x0, 0xdf, 0xd0, 0xf,
    0xf3, 0x5, 0xfd, 0x0, 0xff, 0x90, 0x0, 0xa,
    0xff, 0x4, 0xfe, 0x0, 0x1f, 0xf1, 0x3f, 0xf6,
    0x0, 0x0, 0x7f, 0xf2, 0x9f, 0x90, 0x0, 0xcf,
    0x66, 0xff, 0x30, 0x0, 0x4, 0xff, 0x5e, 0xf4,
    0x0, 0x7, 0xfb, 0x9f, 0xf0, 0x0, 0x0, 0x1f,
    0xfb, 0xff, 0x0, 0x0, 0x2f, 0xfc, 0xfd, 0x0,
    0x0, 0x0, 0xef, 0xff, 0xa0, 0x0, 0x0, 0xdf,
    0xff, 0xa0, 0x0, 0x0, 0xa, 0xff, 0xf5, 0x0,
    0x0, 0x8, 0xff, 0xf6, 0x0, 0x0, 0x0, 0x7f,
    0xff, 0x10, 0x0, 0x0, 0x4f, 0xff, 0x30, 0x0,
    0x0, 0x1, 0xcf, 0xb0, 0x0, 0x0, 0x0, 0xef,
    0x90, 0x0, 0x0,

    /* U+0058 "X" */
    0x5f, 0xfd, 0x0, 0x0, 0x0, 0xa, 0xff, 0x70,
    0xa, 0xff, 0x80, 0x0, 0x0, 0x5f, 0xfc, 0x0,
    0x1, 0xef, 0xf3, 0x0, 0x1, 0xef, 0xf2, 0x0,
    0x0, 0x4f, 0xfd, 0x0, 0xb, 0xff, 0x70, 0x0,
    0x0, 0x9, 0xff, 0x80, 0x6f, 0xfc, 0x0, 0x0,
    0x0, 0x0, 0xef, 0xf6, 0xff, 0xf2, 0x0, 0x0,
    0x0, 0x0, 0x4f, 0xff, 0xff, 0x60, 0x0, 0x0,
    0x0, 0x0, 0x9, 0xff, 0xfb, 0x0, 0x0, 0x0,
    0x0, 0x0, 0x3, 0xff, 0xf5, 0x0, 0x0, 0x0,
    0x0, 0x0, 0xc, 0xff, 0xfe, 0x10, 0x0, 0x0,
    0x0, 0x0, 0x8f, 0xfe, 0xff, 0xa0, 0x0, 0x0,
    0x0, 0x3, 0xff, 0xe1, 0xdf, 0xf5, 0x0, 0x0,
    0x0, 0xd, 0xff, 0x50, 0x3f, 0xfe, 0x10, 0x0,
    0x0, 0x8f, 0xfa, 0x0, 0x7, 0xff, 0xa0, 0x0,
    0x3, 0xff, 0xe1, 0x0, 0x0, 0xcf, 0xf5, 0x0,
    0xd, 0xff, 0x40, 0x0, 0x0, 0x2f, 0xfe, 0x10,
    0x9f, 0xf9, 0x0, 0x0, 0x0, 0x7, 0xff, 0xb0,

    /* U+0059 "Y" */
    0x9f, 0xf6, 0x0, 0x0, 0x0, 0x1, 0xff, 0xe1,
    0x1e, 0xfe, 0x10, 0x0, 0x0, 0x9, 0xff, 0x60,
    0x6, 0xff, 0x90, 0x0, 0x0, 0x3f, 0xfc, 0x0,
    0x0, 0xcf, 0xf3, 0x0, 0x0, 0xcf, 0xf3, 0x0,
    0x0, 0x3f, 0xfc, 0x0, 0x5, 0xff, 0xa0, 0x0,
    0x0, 0xa, 0xff, 0x50, 0xe, 0xff, 0x10, 0x0,
    0x0, 0x1, 0xff, 0xe0, 0x8f, 0xf6, 0x0, 0x0,
    0x0, 0x0, 0x6f, 0xfa, 0xff, 0xd0, 0x0, 0x0,
    0x0, 0x0, 0xd, 0xff, 0xff, 0x30, 0x0, 0x0,
    0x0, 0x0, 0x3, 0xff, 0xfa, 0x0, 0x0, 0x0,
    0x0, 0x0, 0x0, 0xbf, 0xf2, 0x0, 0x0, 0x0,
    0x0, 0x0, 0x0, 0xbf, 0xf1, 0x0, 0x0, 0x0,
    0x0, 0x0, 0x0, 0xbf, 0xf1, 0x0, 0x0, 0x0,
    0x0, 0x0, 0x0, 0xbf, 0xf1, 0x0, 0x0, 0x0,
    0x0, 0x0, 0x0, 0xbf, 0xf1, 0x0, 0x0, 0x0,
    0x0, 0x0, 0x0, 0xbf, 0xf1, 0x0, 0x0, 0x0,
    0x0, 0x0, 0x0, 0xbf, 0xf1, 0x0, 0x0, 0x0,

    /* U+005A "Z" */
    0xe, 0xff, 0xff, 0xff, 0xff, 0xff, 0xfa, 0xe,
    0xff, 0xff, 0xff, 0xff, 0xff, 0xf8, 0x5, 0x55,
    0x55, 0x55, 0x5a, 0xff, 0xd0, 0x0, 0x0, 0x0,
    0x0, 0x1e, 0xff, 0x30, 0x0, 0x0, 0x0, 0x0,
    0xbf, 0xf7, 0x0, 0x0, 0x0, 0x0, 0x6, 0xff,
    0xc0, 0x0, 0x0, 0x0, 0x0, 0x1f, 0xff, 0x20,
    0x0, 0x0, 0x0, 0x0, 0xbf, 0xf6, 0x0, 0x0,
    0x0, 0x0, 0x6, 0xff, 0xb0, 0x0, 0x0, 0x0,
    0x0, 0x2f, 0xfe, 0x10, 0x0, 0x0, 0x0, 0x0,
    0xcf, 0xf5, 0x0, 0x0, 0x0, 0x0, 0x7, 0xff,
    0xa0, 0x0, 0x0, 0x0, 0x0, 0x2f, 0xfe, 0x10,
    0x0, 0x0, 0x0, 0x0, 0xdf, 0xf4, 0x0, 0x0,
    0x0, 0x0, 0x8, 0xff, 0xd5, 0x55, 0x55, 0x55,
    0x52, 0x2f, 0xff, 0xff, 0xff, 0xff, 0xff, 0xf6,
    0x5f, 0xff, 0xff, 0xff, 0xff, 0xff, 0xf6,

    /* U+005B "[" */
    0x0, 0x1, 0x45, 0x20, 0x1a, 0xff, 0xf6, 0xb,
    0xff, 0xff, 0x62, 0xff, 0xd2, 0x0, 0x5f, 0xf7,
    0x0, 0x6, 0xff, 0x60, 0x0, 0x6f, 0xf6, 0x0,
    0x6, 0xff, 0x60, 0x0, 0x6f, 0xf6, 0x0, 0x6,
    0xff, 0x60, 0x0, 0x6f, 0xf6, 0x0, 0x6, 0xff,
    0x60, 0x0, 0x6f, 0xf6, 0x0, 0x6, 0xff, 0x60,
    0x0, 0x6f, 0xf6, 0x0, 0x6, 0xff, 0x60, 0x0,
    0x6f, 0xf6, 0x0, 0x6, 0xff, 0x60, 0x0, 0x5f,
    0xf6, 0x0, 0x4, 0xff, 0x80, 0x0, 0x1f, 0xff,
    0x86, 0x20, 0x7f, 0xff, 0xf6, 0x0, 0x5c, 0xff,
    0x60,

    /* U+005C "\\" */
    0x2f, 0xf9, 0x0, 0x0, 0x0, 0x0, 0x0, 0xaf,
    0xf2, 0x0, 0x0, 0x0, 0x0, 0x2, 0xff, 0xa0,
    0x0, 0x0, 0x0, 0x0, 0xa, 0xff, 0x20, 0x0,
    0x0, 0x0, 0x0, 0x2f, 0xfa, 0x0, 0x0, 0x0,
    0x0, 0x0, 0x9f, 0xf2, 0x0, 0x0, 0x0, 0x0,
    0x1, 0xff, 0xb0, 0x0, 0x0, 0x0, 0x0, 0x9,
    0xff, 0x30, 0x0, 0x0, 0x0, 0x0, 0x1f, 0xfb,
    0x0, 0x0, 0x0, 0x0, 0x0, 0x8f, 0xf3, 0x0,
    0x0, 0x0, 0x0, 0x1, 0xff, 0xb0, 0x0, 0x0,
    0x0, 0x0, 0x8, 0xff, 0x40, 0x0, 0x0, 0x0,
    0x0, 0x1f, 0xfc, 0x0, 0x0, 0x0, 0x0, 0x0,
    0x8f, 0xf4, 0x0, 0x0, 0x0, 0x0, 0x0, 0xef,
    0xc0, 0x0, 0x0, 0x0, 0x0, 0x7, 0xff, 0x50,
    0x0, 0x0, 0x0, 0x0, 0xe, 0xfd, 0x0, 0x0,
    0x0, 0x0, 0x0, 0x48, 0x81,

    /* U+005D "]" */
    0x15, 0x42, 0x0, 0x5, 0xff, 0xfb, 0x10, 0x5f,
    0xff, 0xfc, 0x0, 0x2, 0xdf, 0xf3, 0x0, 0x6,
    0xff, 0x60, 0x0, 0x5f, 0xf7, 0x0, 0x5, 0xff,
    0x70, 0x0, 0x5f, 0xf7, 0x0, 0x5, 0xff, 0x70,
    0x0, 0x5f, 0xf7, 0x0, 0x5, 0xff, 0x70, 0x0,
    0x5f, 0xf7, 0x0, 0x5, 0xff, 0x70, 0x0, 0x5f,
    0xf7, 0x0, 0x5, 0xff, 0x70, 0x0, 0x5f, 0xf7,
    0x0, 0x5, 0xff, 0x70, 0x0, 0x5f, 0xf7, 0x0,
    0x5, 0xff, 0x60, 0x0, 0x7f, 0xf5, 0x16, 0x8f,
    0xff, 0x15, 0xff, 0xff, 0x80, 0x5f, 0xfc, 0x50,
    0x0,

    /* U+005E "^" */
    0x0, 0x0, 0x28, 0x83, 0x0, 0x0, 0x0, 0x0,
    0xb, 0xff, 0xd0, 0x0, 0x0, 0x0, 0x4, 0xff,
    0xff, 0x70, 0x0, 0x0, 0x0, 0xdf, 0xec, 0xfe,
    0x10, 0x0, 0x0, 0x6f, 0xf6, 0x3f, 0xf8, 0x0,
    0x0, 0xe, 0xfd, 0x0, 0xbf, 0xf2, 0x0, 0x8,
    0xff, 0x40, 0x2, 0xff, 0xa0, 0x2, 0xff, 0xc0,
    0x0, 0x9, 0xff, 0x30, 0xaf, 0xf3, 0x0, 0x0,
    0x1f, 0xfc, 0x0,

    /* U+005F "_" */
    0x55, 0x55, 0x55, 0x55, 0x55, 0x55, 0x54, 0xff,
    0xff, 0xff, 0xff, 0xff, 0xff, 0xfc, 0xff, 0xff,
    0xff, 0xff, 0xff, 0xff, 0xfc,

    /* U+0060 "`" */
    0x0, 0x0, 0x0, 0x0, 0xbf, 0xf4, 0x0, 0x2,
    0xff, 0xc0, 0x0, 0x6, 0xff, 0x50, 0x0, 0xb,
    0xfe, 0x0,

    /* U+0061 "a" */
    0x0, 0x7d, 0xff, 0xff, 0xc5, 0x0, 0xb, 0xff,
    0xff, 0xff, 0xff, 0x80, 0x4f, 0xfd, 0x54, 0x46,
    0xef, 0xf2, 0x5b, 0xb3, 0x0, 0x0, 0x7f, 0xf5,
    0x0, 0x0, 0x11, 0x0, 0x5f, 0xf6, 0x4, 0xcf,
    0xff, 0xfd, 0xaf, 0xf6, 0x5f, 0xff, 0xff, 0xff,
    0xff, 0xf6, 0xcf, 0xf4, 0x0, 0x13, 0xaf, 0xf6,
    0xdf, 0xd0, 0x0, 0x0, 0x7f, 0xf6, 0xcf, 0xf3,
    0x0, 0x6, 0xff, 0xf6, 0x5f, 0xff, 0xff, 0xff,
    0xdf, 0xf6, 0x3, 0xbe, 0xff, 0xe8, 0x3f, 0xf6,

    /* U+0062 "b" */
    0x7f, 0xf4, 0x0, 0x0, 0x0, 0x0, 0x7, 0xff,
    0x40, 0x0, 0x0, 0x0, 0x0, 0x7f, 0xf4, 0x0,
    0x0, 0x0, 0x0, 0x7, 0xff, 0x40, 0x0, 0x0,
    0x0, 0x0, 0x7f, 0xf4, 0x0, 0x0, 0x0, 0x0,
    0x7, 0xff, 0x59, 0xef, 0xfe, 0xa2, 0x0, 0x7f,
    0xff, 0xff, 0xff, 0xff, 0xf2, 0x7, 0xff, 0xfd,
    0x76, 0x6b, 0xff, 0xc0, 0x7f, 0xfd, 0x0, 0x0,
    0xd, 0xff, 0x17, 0xff, 0x60, 0x0, 0x0, 0x8f,
    0xf3, 0x7f, 0xf4, 0x0, 0x0, 0x8, 0xff, 0x37,
    0xff, 0x40, 0x0, 0x0, 0x8f, 0xf3, 0x7f, 0xf5,
    0x0, 0x0, 0x8, 0xff, 0x37, 0xff, 0xb0, 0x0,
    0x0, 0xcf, 0xf1, 0x7f, 0xff, 0xa4, 0x33, 0x9f,
    0xfb, 0x7, 0xff, 0xef, 0xff, 0xff, 0xfe, 0x20,
    0x7f, 0xf2, 0x9e, 0xff, 0xea, 0x20, 0x0,

    /* U+0063 "c" */
    0x0, 0x7c, 0xff, 0xff, 0xb4, 0x0, 0xc, 0xff,
    0xff, 0xff, 0xff, 0x60, 0x7f, 0xfd, 0x65, 0x58,
    0xff, 0xf1, 0xcf, 0xf2, 0x0, 0x0, 0x7f, 0xf5,
    0xef, 0xd0, 0x0, 0x0, 0x13, 0x31, 0xff, 0xd0,
    0x0, 0x0, 0x0, 0x0, 0xff, 0xd0, 0x0, 0x0,
    0x0, 0x0, 0xef, 0xd0, 0x0, 0x0, 0x29, 0x94,
    0xdf, 0xf1, 0x0, 0x0, 0x7f, 0xf6, 0x8f, 0xfd,
    0x65, 0x58, 0xff, 0xf1, 0xc, 0xff, 0xff, 0xff,
    0xff, 0x60, 0x0, 0x7d, 0xff, 0xff, 0xb4, 0x0,

    /* U+0064 "d" */
    0x0, 0x0, 0x0, 0x0, 0xf, 0xfc, 0x0, 0x0,
    0x0, 0x0, 0xf, 0xfc, 0x0, 0x0, 0x0, 0x0,
    0xf, 0xfc, 0x0, 0x0, 0x0, 0x0, 0xf, 0xfc,
    0x0, 0x0, 0x0, 0x0, 0xf, 0xfc, 0x0, 0x7c,
    0xff, 0xfc, 0x2f, 0xfc, 0xb, 0xff, 0xff, 0xff,
    0xff, 0xfc, 0x6f, 0xfe, 0x75, 0x59, 0xff, 0xfc,
    0xcf, 0xf3, 0x0, 0x0, 0x7f, 0xfc, 0xef, 0xe0,
    0x0, 0x0, 0xf, 0xfc, 0xff, 0xd0, 0x0, 0x0,
    0xf, 0xfc, 0xff, 0xd0, 0x0, 0x0, 0xf, 0xfc,
    0xef, 0xd0, 0x0, 0x0, 0x1f, 0xfc, 0xdf, 0xf1,
    0x0, 0x0, 0x8f, 0xfc, 0x8f, 0xfb, 0x32, 0x38,
    0xff, 0xfc, 0xd, 0xff, 0xff, 0xff, 0xee, 0xfc,
    0x0, 0x8d, 0xff, 0xfa, 0x2d, 0xfc,

    /* U+0065 "e" */
    0x0, 0x6c, 0xff, 0xff, 0xc5, 0x0, 0xb, 0xff,
    0xff, 0xff, 0xff, 0x90, 0x7f, 0xfd, 0x54, 0x46,
    0xef, 0xf4, 0xcf, 0xf1, 0x0, 0x0, 0x4f, 0xf9,
    0xef, 0xd0, 0x0, 0x0, 0xf, 0xfb, 0xff, 0xff,
    0xff, 0xff, 0xff, 0xfb, 0xff, 0xff, 0xff, 0xff,
    0xff, 0xfb, 0xef, 0xd0, 0x0, 0x0, 0x0, 0x0,
    0xdf, 0xf0, 0x0, 0x0, 0x2d, 0xd8, 0x8f, 0xfc,
    0x54, 0x46, 0xdf, 0xf6, 0xc, 0xff, 0xff, 0xff,
    0xff, 0xb0, 0x0, 0x7d, 0xff, 0xff, 0xc6, 0x0,

    /* U+0066 "f" */
    0x0, 0x0, 0x5c, 0xff, 0x90, 0x0, 0x8f, 0xff,
    0xf9, 0x0, 0x1f, 0xfe, 0x75, 0x20, 0x4, 0xff,
    0x80, 0x0, 0x0, 0x5f, 0xf6, 0x0, 0x6, 0xff,
    0xff, 0xff, 0xf4, 0x6f, 0xff, 0xff, 0xff, 0x42,
    0x59, 0xff, 0x95, 0x51, 0x0, 0x5f, 0xf6, 0x0,
    0x0, 0x5, 0xff, 0x60, 0x0, 0x0, 0x5f, 0xf6,
    0x0, 0x0, 0x5, 0xff, 0x60, 0x0, 0x0, 0x5f,
    0xf6, 0x0, 0x0, 0x5, 0xff, 0x60, 0x0, 0x0,
    0x5f, 0xf6, 0x0, 0x0, 0x5, 0xff, 0x60, 0x0,
    0x0, 0x5f, 0xf6, 0x0, 0x0,

    /* U+0067 "g" */
    0x0, 0x6c, 0xff, 0xfc, 0x4c, 0xfc, 0xb, 0xff,
    0xff, 0xff, 0xfe, 0xfc, 0x6f, 0xfe, 0x75, 0x58,
    0xff, 0xfc, 0xcf, 0xf3, 0x0, 0x0, 0x6f, 0xfc,
    0xef, 0xe0, 0x0, 0x0, 0xf, 0xfc, 0xff, 0xd0,
    0x0, 0x0, 0xf, 0xfc, 0xff, 0xd0, 0x0, 0x0,
    0xf, 0xfc, 0xef, 0xd0, 0x0, 0x0, 0x1f, 0xfc,
    0xdf, 0xf1, 0x0, 0x0, 0x8f, 0xfc, 0x7f, 0xfd,
    0x65, 0x59, 0xff, 0xfc, 0xc, 0xff, 0xff, 0xff,
    0xff, 0xfc, 0x0, 0x8d, 0xff, 0xfb, 0x2f, 0xfc,
    0x0, 0x0, 0x0, 0x0, 0xf, 0xfc, 0x3a, 0xa4,
    0x0, 0x0, 0x4f, 0xfa, 0x1f, 0xfe, 0x65, 0x56,
    0xef, 0xf4, 0x8, 0xff, 0xff, 0xff, 0xff, 0x90,
    0x0, 0x5c, 0xef, 0xff, 0xc6, 0x0,

    /* U+0068 "h" */
    0x7f, 0xf4, 0x0, 0x0, 0x0, 0x0, 0x7f, 0xf4,
    0x0, 0x0, 0x0, 0x0, 0x7f, 0xf4, 0x0, 0x0,
    0x0, 0x0, 0x7f, 0xf4, 0x0, 0x0, 0x0, 0x0,
    0x7f, 0xf4, 0x0, 0x0, 0x0, 0x0, 0x7f, 0xf5,
    0x7e, 0xff, 0xea, 0x10, 0x7f, 0xfd, 0xff, 0xff,
    0xff, 0xe1, 0x7f, 0xff, 0xd7, 0x66, 0xcf, 0xf8,
    0x7f, 0xfd, 0x0, 0x0, 0x1f, 0xfc, 0x7f, 0xf6,
    0x0, 0x0, 0xe, 0xfd, 0x7f, 0xf4, 0x0, 0x0,
    0xe, 0xfd, 0x7f, 0xf4, 0x0, 0x0, 0xe, 0xfd,
    0x7f, 0xf4, 0x0, 0x0, 0xe, 0xfd, 0x7f, 0xf4,
    0x0, 0x0, 0xe, 0xfd, 0x7f, 0xf4, 0x0, 0x0,
    0xe, 0xfd, 0x7f, 0xf4, 0x0, 0x0, 0xe, 0xfd,
    0x7f, 0xf4, 0x0, 0x0, 0xe, 0xfd,

    /* U+0069 "i" */
    0x1c, 0xf8, 0x6, 0xff, 0xf1, 0x4f, 0xfe, 0x0,
    0x46, 0x10, 0x0, 0x0, 0x0, 0xff, 0xb0, 0xf,
    0xfb, 0x0, 0xff, 0xb0, 0xf, 0xfb, 0x0, 0xff,
    0xb0, 0xf, 0xfb, 0x0, 0xff, 0xb0, 0xf, 0xfb,
    0x0, 0xff, 0xb0, 0xf, 0xfb, 0x0, 0xff, 0xb0,
    0xf, 0xfb, 0x0,

    /* U+006A "j" */
    0x0, 0x9, 0xfb, 0x0, 0x2, 0xff, 0xf5, 0x0,
    0x1f, 0xff, 0x30, 0x0, 0x26, 0x30, 0x0, 0x0,
    0x0, 0x0, 0x0, 0xcf, 0xf0, 0x0, 0xc, 0xff,
    0x0, 0x0, 0xcf, 0xf0, 0x0, 0xc, 0xff, 0x0,
    0x0, 0xcf, 0xf0, 0x0, 0xc, 0xff, 0x0, 0x0,
    0xcf, 0xf0, 0x0, 0xc, 0xff, 0x0, 0x0, 0xcf,
    0xf0, 0x0, 0xc, 0xff, 0x0, 0x0, 0xcf, 0xf0,
    0x0, 0xc, 0xff, 0x0, 0x0, 0xdf, 0xe0, 0x0,
    0xf, 0xfd, 0x5, 0x6b, 0xff, 0x90, 0xff, 0xff,
    0xe1, 0xf, 0xfe, 0xa2, 0x0,

    /* U+006B "k" */
    0x7f, 0xf4, 0x0, 0x0, 0x0, 0x0, 0x7f, 0xf4,
    0x0, 0x0, 0x0, 0x0, 0x7f, 0xf4, 0x0, 0x0,
    0x0, 0x0, 0x7f, 0xf4, 0x0, 0x0, 0x0, 0x0,
    0x7f, 0xf4, 0x0, 0x0, 0x0, 0x0, 0x7f, 0xf4,
    0x0, 0x2, 0xef, 0xe3, 0x7f, 0xf4, 0x0, 0x2e,
    0xfe, 0x30, 0x7f, 0xf4, 0x2, 0xef, 0xe3, 0x0,
    0x7f, 0xf4, 0x2e, 0xfe, 0x30, 0x0, 0x7f, 0xf7,
    0xef, 0xe3, 0x0, 0x0, 0x7f, 0xff, 0xff, 0xc0,
    0x0, 0x0, 0x7f, 0xff, 0xff, 0xf9, 0x0, 0x0,
    0x7f, 0xfe, 0x3c, 0xff, 0x50, 0x0, 0x7f, 0xf5,
    0x1, 0xef, 0xf2, 0x0, 0x7f, 0xf4, 0x0, 0x4f,
    0xfd, 0x10, 0x7f, 0xf4, 0x0, 0x7, 0xff, 0xb0,
    0x7f, 0xf4, 0x0, 0x0, 0xaf, 0xf8,

    /* U+006C "l" */
    0x7f, 0xf4, 0x0, 0x7f, 0xf4, 0x0, 0x7f, 0xf4,
    0x0, 0x7f, 0xf4, 0x0, 0x7f, 0xf4, 0x0, 0x7f,
    0xf4, 0x0, 0x7f, 0xf4, 0x0, 0x7f, 0xf4, 0x0,
    0x7f, 0xf4, 0x0, 0x7f, 0xf4, 0x0, 0x7f, 0xf4,
    0x0, 0x7f, 0xf4, 0x0, 0x7f, 0xf4, 0x0, 0x7f,
    0xf5, 0x0, 0x5f, 0xfc, 0x53, 0xe, 0xff, 0xfb,
    0x3, 0xbe, 0xfb,

    /* U+006D "m" */
    0x7f, 0xf3, 0xbf, 0xff, 0xa1, 0x3c, 0xff, 0xfb,
    0x20, 0x7f, 0xfe, 0xff, 0xff, 0xfc, 0xff, 0xff,
    0xff, 0xf2, 0x7f, 0xff, 0x83, 0x3b, 0xff, 0xfa,
    0x33, 0x8f, 0xf9, 0x7f, 0xfb, 0x0, 0x3, 0xff,
    0xd0, 0x0, 0xf, 0xfc, 0x7f, 0xf5, 0x0, 0x2,
    0xff, 0x90, 0x0, 0xe, 0xfd, 0x7f, 0xf4, 0x0,
    0x2, 0xff, 0x90, 0x0, 0xe, 0xfd, 0x7f, 0xf4,
    0x0, 0x2, 0xff, 0x90, 0x0, 0xe, 0xfd, 0x7f,
    0xf4, 0x0, 0x2, 0xff, 0x90, 0x0, 0xe, 0xfd,
    0x7f, 0xf4, 0x0, 0x2, 0xff, 0x90, 0x0, 0xe,
    0xfd, 0x7f, 0xf4, 0x0, 0x2, 0xff, 0x90, 0x0,
    0xe, 0xfd, 0x7f, 0xf4, 0x0, 0x2, 0xff, 0x90,
    0x0, 0xe, 0xfd, 0x7f, 0xf4, 0x0, 0x2, 0xff,
    0x90, 0x0, 0xe, 0xfd,

    /* U+006E "n" */
    0x7f, 0xf2, 0x8e, 0xff, 0xe9, 0x10, 0x7f, 0xfd,
    0xff, 0xff, 0xff, 0xd0, 0x7f, 0xff, 0xb4, 0x33,
    0xbf, 0xf7, 0x7f, 0xfc, 0x0, 0x0, 0x1f, 0xfb,
    0x7f, 0xf6, 0x0, 0x0, 0xf, 0xfc, 0x7f, 0xf4,
    0x0, 0x0, 0xf, 0xfc, 0x7f, 0xf4, 0x0, 0x0,
    0xf, 0xfc, 0x7f, 0xf4, 0x0, 0x0, 0xf, 0xfc,
    0x7f, 0xf4, 0x0, 0x0, 0xf, 0xfc, 0x7f, 0xf4,
    0x0, 0x0, 0xf, 0xfc, 0x7f, 0xf4, 0x0, 0x0,
    0xf, 0xfc, 0x7f, 0xf4, 0x0, 0x0, 0xf, 0xfc,

    /* U+006F "o" */
    0x0, 0x6c, 0xff, 0xff, 0xd7, 0x0, 0x0, 0xbf,
    0xff, 0xff, 0xff, 0xfc, 0x0, 0x7f, 0xfe, 0x75,
    0x56, 0xdf, 0xf8, 0xc, 0xff, 0x20, 0x0, 0x1,
    0xff, 0xd0, 0xef, 0xd0, 0x0, 0x0, 0xc, 0xff,
    0xf, 0xfd, 0x0, 0x0, 0x0, 0xcf, 0xf0, 0xff,
    0xd0, 0x0, 0x0, 0xc, 0xff, 0xe, 0xfd, 0x0,
    0x0, 0x0, 0xcf, 0xf0, 0xdf, 0xf2, 0x0, 0x0,
    0x1f, 0xfe, 0x7, 0xff, 0xd6, 0x55, 0x6d, 0xff,
    0x80, 0xc, 0xff, 0xff, 0xff, 0xff, 0xc0, 0x0,
    0x7, 0xdf, 0xff, 0xfd, 0x70, 0x0,

    /* U+0070 "p" */
    0x7f, 0xf3, 0x9e, 0xff, 0xea, 0x20, 0x7, 0xff,
    0xef, 0xff, 0xff, 0xff, 0x30, 0x7f, 0xff, 0xa3,
    0x23, 0x8f, 0xfc, 0x7, 0xff, 0xb0, 0x0, 0x0,
    0xbf, 0xf1, 0x7f, 0xf5, 0x0, 0x0, 0x8, 0xff,
    0x37, 0xff, 0x40, 0x0, 0x0, 0x8f, 0xf3, 0x7f,
    0xf4, 0x0, 0x0, 0x8, 0xff, 0x37, 0xff, 0x60,
    0x0, 0x0, 0x9f, 0xf3, 0x7f, 0xfc, 0x0, 0x0,
    0xe, 0xff, 0x17, 0xff, 0xfc, 0x65, 0x6c, 0xff,
    0xb0, 0x7f, 0xff, 0xff, 0xff, 0xff, 0xe2, 0x7,
    0xff, 0x59, 0xff, 0xfe, 0xa1, 0x0, 0x7f, 0xf4,
    0x0, 0x0, 0x0, 0x0, 0x7, 0xff, 0x40, 0x0,
    0x0, 0x0, 0x0, 0x7f, 0xf4, 0x0, 0x0, 0x0,
    0x0, 0x7, 0xff, 0x40, 0x0, 0x0, 0x0, 0x0,
    0x7f, 0xf4, 0x0, 0x0, 0x0, 0x0, 0x0,

    /* U+0071 "q" */
    0x0, 0x7d, 0xff, 0xfc, 0x4d, 0xfc, 0xc, 0xff,
    0xff, 0xff, 0xff, 0xfc, 0x7f, 0xfe, 0x75, 0x58,
    0xff, 0xfc, 0xcf, 0xf2, 0x0, 0x0, 0x6f, 0xfc,
    0xef, 0xd0, 0x0, 0x0, 0xf, 0xfc, 0xff, 0xd0,
    0x0, 0x0, 0xf, 0xfc, 0xff, 0xd0, 0x0, 0x0,
    0xf, 0xfc, 0xef, 0xd0, 0x0, 0x0, 0x2f, 0xfc,
    0xdf, 0xf1, 0x0, 0x0, 0x9f, 0xfc, 0x8f, 0xfd,
    0x65, 0x5a, 0xff, 0xfc, 0xd, 0xff, 0xff, 0xff,
    0xff, 0xfc, 0x0, 0x8d, 0xff, 0xfb, 0x2f, 0xfc,
    0x0, 0x0, 0x0, 0x0, 0xf, 0xfc, 0x0, 0x0,
    0x0, 0x0, 0xf, 0xfc, 0x0, 0x0, 0x0, 0x0,
    0xf, 0xfc, 0x0, 0x0, 0x0, 0x0, 0xf, 0xfc,
    0x0, 0x0, 0x0, 0x0, 0xf, 0xfc,

    /* U+0072 "r" */
    0x7f, 0xf2, 0x8e, 0xfc, 0x7f, 0xfd, 0xff, 0xfc,
    0x7f, 0xff, 0xe7, 0x54, 0x7f, 0xfd, 0x0, 0x0,
    0x7f, 0xf7, 0x0, 0x0, 0x7f, 0xf4, 0x0, 0x0,
    0x7f, 0xf4, 0x0, 0x0, 0x7f, 0xf4, 0x0, 0x0,
    0x7f, 0xf4, 0x0, 0x0, 0x7f, 0xf4, 0x0, 0x0,
    0x7f, 0xf4, 0x0, 0x0, 0x7f, 0xf4, 0x0, 0x0,

    /* U+0073 "s" */
    0x0, 0x3a, 0xdf, 0xff, 0xea, 0x20, 0x0, 0x4f,
    0xff, 0xff, 0xff, 0xfe, 0x20, 0xb, 0xff, 0x85,
    0x44, 0x9f, 0xf9, 0x0, 0xdf, 0xe0, 0x0, 0x0,
    0xaa, 0x80, 0xa, 0xff, 0x94, 0x20, 0x0, 0x0,
    0x0, 0x2e, 0xff, 0xff, 0xfc, 0x93, 0x0, 0x0,
    0x16, 0xad, 0xff, 0xff, 0xf7, 0x0, 0x0, 0x0,
    0x0, 0x26, 0xef, 0xf0, 0xe, 0xeb, 0x0, 0x0,
    0xa, 0xff, 0x10, 0xcf, 0xf8, 0x54, 0x46, 0xef,
    0xf0, 0x3, 0xff, 0xff, 0xff, 0xff, 0xf8, 0x0,
    0x2, 0xae, 0xff, 0xfe, 0xb5, 0x0,

    /* U+0074 "t" */
    0x0, 0x18, 0x83, 0x0, 0x0, 0x3, 0xff, 0x70,
    0x0, 0x0, 0x3f, 0xf7, 0x0, 0x0, 0x3, 0xff,
    0x70, 0x0, 0x6f, 0xff, 0xff, 0xff, 0x96, 0xff,
    0xff, 0xff, 0xf9, 0x25, 0x8f, 0xfa, 0x55, 0x30,
    0x5, 0xff, 0x70, 0x0, 0x0, 0x5f, 0xf7, 0x0,
    0x0, 0x5, 0xff, 0x70, 0x0, 0x0, 0x5f, 0xf7,
    0x0, 0x0, 0x5, 0xff, 0x70, 0x0, 0x0, 0x4f,
    0xf8, 0x0, 0x0, 0x2, 0xff, 0xe6, 0x53, 0x0,
    0xc, 0xff, 0xff, 0x90, 0x0, 0x1a, 0xef, 0xf9,

    /* U+0075 "u" */
    0x9f, 0xf2, 0x0, 0x0, 0x2f, 0xf9, 0x9f, 0xf2,
    0x0, 0x0, 0x2f, 0xf9, 0x9f, 0xf2, 0x0, 0x0,
    0x2f, 0xf9, 0x9f, 0xf2, 0x0, 0x0, 0x2f, 0xf9,
    0x9f, 0xf2, 0x0, 0x0, 0x2f, 0xf9, 0x9f, 0xf2,
    0x0, 0x0, 0x2f, 0xf9, 0x9f, 0xf2, 0x0, 0x0,
    0x2f, 0xf9, 0x9f, 0xf2, 0x0, 0x0, 0x4f, 0xf9,
    0x8f, 0xf4, 0x0, 0x0, 0xbf, 0xf9, 0x4f, 0xfc,
    0x32, 0x3a, 0xff, 0xf9, 0xb, 0xff, 0xff, 0xff,
    0xdf, 0xf9, 0x0, 0x8e, 0xff, 0xe9, 0x1f, 0xf9,

    /* U+0076 "v" */
    0xbf, 0xf2, 0x0, 0x0, 0xe, 0xff, 0x5, 0xff,
    0x80, 0x0, 0x4, 0xff, 0x90, 0xe, 0xfd, 0x0,
    0x0, 0x9f, 0xf3, 0x0, 0x8f, 0xf3, 0x0, 0xe,
    0xfc, 0x0, 0x2, 0xff, 0x90, 0x5, 0xff, 0x60,
    0x0, 0xc, 0xfe, 0x0, 0xaf, 0xf0, 0x0, 0x0,
    0x5f, 0xf4, 0xf, 0xf9, 0x0, 0x0, 0x0, 0xff,
    0xa6, 0xff, 0x30, 0x0, 0x0, 0x9, 0xff, 0xcf,
    0xc0, 0x0, 0x0, 0x0, 0x3f, 0xff, 0xf6, 0x0,
    0x0, 0x0, 0x0, 0xcf, 0xff, 0x0, 0x0, 0x0,
    0x0, 0x3, 0xef, 0x90, 0x0, 0x0,

    /* U+0077 "w" */
    0x6f, 0xf7, 0x0, 0x2, 0xa8, 0x0, 0x0, 0xaf,
    0xf2, 0x2f, 0xfa, 0x0, 0x7, 0xff, 0x40, 0x0,
    0xef, 0xe0, 0xe, 0xfd, 0x0, 0xd, 0xff, 0xa0,
    0x1, 0xff, 0xa0, 0xa, 0xff, 0x10, 0x2f, 0xff,
    0xf0, 0x4, 0xff, 0x70, 0x6, 0xff, 0x40, 0x8f,
    0xbd, 0xf5, 0x7, 0xff, 0x30, 0x3, 0xff, 0x70,
    0xdf, 0x68, 0xfb, 0xa, 0xff, 0x0, 0x0, 0xef,
    0xa3, 0xff, 0x12, 0xff, 0x1e, 0xfb, 0x0, 0x0,
    0xbf, 0xe8, 0xfa, 0x0, 0xdf, 0x7f, 0xf7, 0x0,
    0x0, 0x7f, 0xfe, 0xf5, 0x0, 0x7f, 0xff, 0xf4,
    0x0, 0x0, 0x3f, 0xff, 0xf0, 0x0, 0x2f, 0xff,
    0xf0, 0x0, 0x0, 0xe, 0xff, 0x90, 0x0, 0xc,
    0xff, 0xb0, 0x0, 0x0, 0x5, 0xff, 0x40, 0x0,
    0x7, 0xfe, 0x30, 0x0,

    /* U+0078 "x" */
    0x5f, 0xfb, 0x0, 0x0, 0x4f, 0xfc, 0x0, 0xaf,
    0xf7, 0x0, 0x1e, 0xfe, 0x10, 0x0, 0xdf, 0xf3,
    0xb, 0xff, 0x50, 0x0, 0x2, 0xff, 0xd8, 0xff,
    0x90, 0x0, 0x0, 0x6, 0xff, 0xff, 0xc0, 0x0,
    0x0, 0x0, 0xa, 0xff, 0xf2, 0x0, 0x0, 0x0,
    0x0, 0xcf, 0xff, 0x40, 0x0, 0x0, 0x0, 0x9f,
    0xff, 0xfe, 0x10, 0x0, 0x0, 0x5f, 0xfc, 0x5f,
    0xfb, 0x0, 0x0, 0x1e, 0xfe, 0x10, 0x9f, 0xf7,
    0x0, 0xc, 0xff, 0x40, 0x0, 0xdf, 0xf3, 0x8,
    0xff, 0x80, 0x0, 0x2, 0xff, 0xe1,

    /* U+0079 "y" */
    0x9f, 0xf2, 0x0, 0x0, 0x2f, 0xf9, 0x9f, 0xf2,
    0x0, 0x0, 0x2f, 0xf9, 0x9f, 0xf2, 0x0, 0x0,
    0x2f, 0xf9, 0x9f, 0xf2, 0x0, 0x0, 0x2f, 0xf9,
    0x9f, 0xf2, 0x0, 0x0, 0x2f, 0xf9, 0x9f, 0xf2,
    0x0, 0x0, 0x2f, 0xf9, 0x9f, 0xf2, 0x0, 0x0,
    0x2f, 0xf9, 0x9f, 0xf2, 0x0, 0x0, 0x5f, 0xf9,
    0x8f, 0xf5, 0x0, 0x0, 0xcf, 0xf9, 0x4f, 0xfe,
    0x65, 0x6c, 0xff, 0xf9, 0xb, 0xff, 0xff, 0xff,
    0xcf, 0xf9, 0x0, 0x8e, 0xff, 0xe8, 0x2f, 0xf9,
    0x0, 0x0, 0x0, 0x0, 0x3f, 0xf8, 0x3a, 0xa4,
    0x0, 0x0, 0x7f, 0xf6, 0x1f, 0xfe, 0x65, 0x57,
    0xff, 0xf1, 0x8, 0xff, 0xff, 0xff, 0xff, 0x60,
    0x0, 0x5c, 0xef, 0xff, 0xb4, 0x0,

    /* U+007A "z" */
    0x2f, 0xff, 0xff, 0xff, 0xff, 0xf3, 0x2f, 0xff,
    0xff, 0xff, 0xff, 0xe1, 0x4, 0x44, 0x44, 0x5f,
    0xff, 0x40, 0x0, 0x0, 0x0, 0xbf, 0xf7, 0x0,
    0x0, 0x0, 0x7, 0xff, 0xa0, 0x0, 0x0, 0x0,
    0x4f, 0xfd, 0x0, 0x0, 0x0, 0x2, 0xff, 0xe2,
    0x0, 0x0, 0x0, 0xd, 0xff, 0x40, 0x0, 0x0,
    0x0, 0xaf, 0xf7, 0x0, 0x0, 0x0, 0x7, 0xff,
    0xd4, 0x44, 0x44, 0x40, 0x3f, 0xff, 0xff, 0xff,
    0xff, 0xf1, 0x6f, 0xff, 0xff, 0xff, 0xff, 0xf1,

    /* U+007B "{" */
    0x0, 0x2, 0xae, 0xfc, 0x0, 0x2f, 0xff, 0xfc,
    0x0, 0xaf, 0xfb, 0x64, 0x0, 0xef, 0xf0, 0x0,
    0x0, 0xff, 0xd0, 0x0, 0x0, 0xff, 0xd0, 0x0,
    0x0, 0xff, 0xd0, 0x0, 0x0, 0xff, 0xd0, 0x0,
    0x0, 0xff, 0xc0, 0x0, 0x4, 0xff, 0x90, 0x0,
    0xaf, 0xff, 0x20, 0x0, 0xff, 0xf6, 0x0, 0x0,
    0x9f, 0xff, 0x20, 0x0, 0x4, 0xff, 0x90, 0x0,
    0x0, 0xff, 0xc0, 0x0, 0x0, 0xff, 0xd0, 0x0,
    0x0, 0xff, 0xd0, 0x0, 0x0, 0xff, 0xd0, 0x0,
    0x0, 0xff, 0xd0, 0x0, 0x0, 0xef, 0xf0, 0x0,
    0x0, 0xaf, 0xfb, 0x64, 0x0, 0x2f, 0xff, 0xfc,
    0x0, 0x2, 0xae, 0xfc,

    /* U+007C "|" */
    0x18, 0x84, 0x3f, 0xf8, 0x3f, 0xf8, 0x3f, 0xf8,
    0x3f, 0xf8, 0x3f, 0xf8, 0x3f, 0xf8, 0x3f, 0xf8,
    0x3f, 0xf8, 0x3f, 0xf8, 0x3f, 0xf8, 0x3f, 0xf8,
    0x3f, 0xf8, 0x3f, 0xf8, 0x3f, 0xf8, 0x3f, 0xf8,
    0x3f, 0xf8, 0x3f, 0xf8, 0x3f, 0xf8, 0x3f, 0xf8,
    0x3f, 0xf8, 0x3f, 0xf8, 0x3f, 0xf8, 0x3f, 0xf8,

    /* U+007D "}" */
    0x6f, 0xfc, 0x50, 0x0, 0x6, 0xff, 0xff, 0x60,
    0x0, 0x25, 0x8f, 0xff, 0x0, 0x0, 0x0, 0xaf,
    0xf3, 0x0, 0x0, 0x7, 0xff, 0x40, 0x0, 0x0,
    0x7f, 0xf4, 0x0, 0x0, 0x7, 0xff, 0x40, 0x0,
    0x0, 0x7f, 0xf4, 0x0, 0x0, 0x7, 0xff, 0x50,
    0x0, 0x0, 0x4f, 0xfa, 0x0, 0x0, 0x0, 0xcf,
    0xfc, 0x20, 0x0, 0x1, 0xff, 0xf4, 0x0, 0x0,
    0xcf, 0xfc, 0x20, 0x0, 0x4f, 0xf9, 0x0, 0x0,
    0x7, 0xff, 0x40, 0x0, 0x0, 0x7f, 0xf4, 0x0,
    0x0, 0x7, 0xff, 0x40, 0x0, 0x0, 0x7f, 0xf4,
    0x0, 0x0, 0x7, 0xff, 0x40, 0x0, 0x0, 0xaf,
    0xf3, 0x0, 0x26, 0x9f, 0xff, 0x0, 0x6, 0xff,
    0xff, 0x60, 0x0, 0x6f, 0xfc, 0x50, 0x0, 0x0,

    /* U+007E "~" */
    0x3, 0xcf, 0xfb, 0x10, 0x0, 0x8b, 0x81, 0xef,
    0xff, 0xfe, 0x20, 0xe, 0xf9, 0x8f, 0xf8, 0x8f,
    0xfe, 0x6a, 0xff, 0x5c, 0xfc, 0x0, 0x5f, 0xff,
    0xff, 0xd0, 0x9a, 0x60, 0x0, 0x4c, 0xff, 0xa1,
    0x0,

    /* U+F001 "" */
    0x0, 0x0, 0x0, 0x0, 0x0, 0x0, 0x0, 0x0,
    0x0, 0x0, 0x0, 0x0, 0x0, 0x0, 0x0, 0x0,
    0x0, 0x0, 0x0, 0x0, 0x0, 0x2, 0x7b, 0xe8,
    0x0, 0x0, 0x0, 0x0, 0x0, 0x0, 0x0, 0x0,
    0x49, 0xdf, 0xff, 0xff, 0x0, 0x0, 0x0, 0x0,
    0x0, 0x0, 0x16, 0xbf, 0xff, 0xff, 0xff, 0xff,
    0x0, 0x0, 0x0, 0x0, 0x3, 0x8c, 0xff, 0xff,
    0xff, 0xff, 0xff, 0xff, 0x0, 0x0, 0x0, 0x3a,
    0xef, 0xff, 0xff, 0xff, 0xff, 0xff, 0xff, 0xff,
    0x0, 0x0, 0x0, 0xef, 0xff, 0xff, 0xff, 0xff,
    0xff, 0xff, 0xff, 0xff, 0x0, 0x0, 0x0, 0xff,
    0xff, 0xff, 0xff, 0xff, 0xff, 0xfe, 0xaf, 0xff,
    0x0, 0x0, 0x0, 0xff, 0xff, 0xff, 0xff, 0xff,
    0xd8, 0x30, 0xf, 0xff, 0x0, 0x0, 0x0, 0xff,
    0xff, 0xff, 0xfb, 0x62, 0x0, 0x0, 0xf, 0xff,
    0x0, 0x0, 0x0, 0xff, 0xfe, 0x94, 0x0, 0x0,
    0x0, 0x0, 0xf, 0xff, 0x0, 0x0, 0x0, 0xff,
    0xf0, 0x0, 0x0, 0x0, 0x0, 0x0, 0xf, 0xff,
    0x0, 0x0, 0x0, 0xff, 0xf0, 0x0, 0x0, 0x0,
    0x0, 0x0, 0xf, 0xff, 0x0, 0x0, 0x0, 0xff,
    0xf0, 0x0, 0x0, 0x0, 0x0, 0x0, 0xf, 0xff,
    0x0, 0x0, 0x0, 0xff, 0xf0, 0x0, 0x0, 0x0,
    0x0, 0x0, 0xf, 0xff, 0x0, 0x0, 0x0, 0xff,
    0xf0, 0x0, 0x0, 0x0, 0x0, 0x0, 0xf, 0xff,
    0x0, 0x0, 0x0, 0xff, 0xf0, 0x0, 0x0, 0x0,
    0x3a, 0xdf, 0xef, 0xff, 0x0, 0x0, 0x0, 0xff,
    0xf0, 0x0, 0x0, 0x6, 0xff, 0xff, 0xff, 0xff,
    0x0, 0x0, 0x0, 0xff, 0xf0, 0x0, 0x0, 0xe,
    0xff, 0xff, 0xff, 0xff, 0x3, 0xad, 0xfe, 0xff,
    0xf0, 0x0, 0x0, 0xe, 0xff, 0xff, 0xff, 0xfe,
    0x6f, 0xff, 0xff, 0xff, 0xf0, 0x0, 0x0, 0x6,
    0xff, 0xff, 0xff, 0xf6, 0xef, 0xff, 0xff, 0xff,
    0xf0, 0x0, 0x0, 0x0, 0x3a, 0xef, 0xea, 0x30,
    0xef, 0xff, 0xff, 0xff, 0xe0, 0x0, 0x0, 0x0,
    0x0, 0x0, 0x0, 0x0, 0x6f, 0xff, 0xff, 0xff,
    0x60, 0x0, 0x0, 0x0, 0x0, 0x0, 0x0, 0x0,
    0x3, 0xae, 0xfe, 0xa3, 0x0, 0x0, 0x0, 0x0,
    0x0, 0x0, 0x0, 0x0,

    /* U+F008 "" */
    0xb7, 0x0, 0xbf, 0xff, 0xff, 0xff, 0xff, 0xff,
    0xff, 0xf4, 0x0, 0x7b, 0xfd, 0x88, 0xef, 0xff,
    0xff, 0xff, 0xff, 0xff, 0xff, 0xfb, 0x88, 0xdf,
    0xff, 0xff, 0xff, 0xb4, 0x44, 0x44, 0x44, 0x44,
    0x5f, 0xff, 0xff, 0xff, 0xf9, 0x0, 0xcf, 0x80,
    0x0, 0x0, 0x0, 0x0, 0xf, 0xf5, 0x0, 0x9f,
    0xf8, 0x0, 0xbf, 0x80, 0x0, 0x0, 0x0, 0x0,
    0xf, 0xf4, 0x0, 0x8f, 0xf9, 0x0, 0xcf, 0x80,
    0x0, 0x0, 0x0, 0x0, 0xf, 0xf5, 0x0, 0x9f,
    0xff, 0xff, 0xff, 0x80, 0x0, 0x0, 0x0, 0x0,
    0xf, 0xff, 0xff, 0xff, 0xfd, 0x88, 0xef, 0xa2,
    0x22, 0x22, 0x22, 0x22, 0x3f, 0xfb, 0x88, 0xdf,
    0xf8, 0x0, 0xbf, 0xff, 0xff, 0xff, 0xff, 0xff,
    0xff, 0xf4, 0x0, 0x8f, 0xf8, 0x0, 0xbf, 0xff,
    0xff, 0xff, 0xff, 0xff, 0xff, 0xf4, 0x0, 0x8f,
    0xfd, 0x88, 0xef, 0xa2, 0x22, 0x22, 0x22, 0x22,
    0x3f, 0xfb, 0x88, 0xdf, 0xff, 0xff, 0xff, 0x80,
    0x0, 0x0, 0x0, 0x0, 0xf, 0xff, 0xff, 0xff,
    0xf9, 0x0, 0xcf, 0x80, 0x0, 0x0, 0x0, 0x0,
    0xf, 0xf5, 0x0, 0x9f, 0xf8, 0x0, 0xbf, 0x80,
    0x0, 0x0, 0x0, 0x0, 0xf, 0xf4, 0x0, 0x8f,
    0xf9, 0x0, 0xcf, 0x80, 0x0, 0x0, 0x0, 0x0,
    0xf, 0xf5, 0x0, 0x9f, 0xff, 0xff, 0xff, 0xb4,
    0x44, 0x44, 0x44, 0x44, 0x5f, 0xff, 0xff, 0xff,
    0xfd, 0x88, 0xef, 0xff, 0xff, 0xff, 0xff, 0xff,
    0xff, 0xfb, 0x88, 0xdf, 0xb7, 0x0, 0xbf, 0xff,
    0xff, 0xff, 0xff, 0xff, 0xff, 0xf4, 0x0, 0x7b,

    /* U+F00B "" */
    0x14, 0x44, 0x44, 0x10, 0x3, 0x44, 0x44, 0x44,
    0x44, 0x44, 0x44, 0x41, 0xef, 0xff, 0xff, 0xe0,
    0x6f, 0xff, 0xff, 0xff, 0xff, 0xff, 0xff, 0xfe,
    0xff, 0xff, 0xff, 0xf0, 0x8f, 0xff, 0xff, 0xff,
    0xff, 0xff, 0xff, 0xff, 0xff, 0xff, 0xff, 0xf0,
    0x8f, 0xff, 0xff, 0xff, 0xff, 0xff, 0xff, 0xff,
    0xff, 0xff, 0xff, 0xf0, 0x8f, 0xff, 0xff, 0xff,
    0xff, 0xff, 0xff, 0xff, 0xff, 0xff, 0xff, 0xf0,
    0x8f, 0xff, 0xff, 0xff, 0xff, 0xff, 0xff, 0xff,
    0x7b, 0xbb, 0xbb, 0x60, 0x2a, 0xbb, 0xbb, 0xbb,
    0xbb, 0xbb, 0xbb, 0xb7, 0x0, 0x0, 0x0, 0x0,
    0x0, 0x0, 0x0, 0x0, 0x0, 0x0, 0x0, 0x0,
    0xbf, 0xff, 0xff, 0xb0, 0x4f, 0xff, 0xff, 0xff,
    0xff, 0xff, 0xff, 0xfb, 0xff, 0xff, 0xff, 0xf0,
    0x8f, 0xff, 0xff, 0xff, 0xff, 0xff, 0xff, 0xff,
    0xff, 0xff, 0xff, 0xf0, 0x8f, 0xff, 0xff, 0xff,
    0xff, 0xff, 0xff, 0xff, 0xff, 0xff, 0xff, 0xf0,
    0x8f, 0xff, 0xff, 0xff, 0xff, 0xff, 0xff, 0xff,
    0xff, 0xff, 0xff, 0xf0, 0x8f, 0xff, 0xff, 0xff,
    0xff, 0xff, 0xff, 0xff, 0xbf, 0xff, 0xff, 0xb0,
    0x4f, 0xff, 0xff, 0xff, 0xff, 0xff, 0xff, 0xfb,
    0x0, 0x0, 0x0, 0x0, 0x0, 0x0, 0x0, 0x0,
    0x0, 0x0, 0x0, 0x0, 0x14, 0x44, 0x44, 0x10,
    0x3, 0x44, 0x44, 0x44, 0x44, 0x44, 0x44, 0x41,
    0xef, 0xff, 0xff, 0xe0, 0x6f, 0xff, 0xff, 0xff,
    0xff, 0xff, 0xff, 0xfe, 0xff, 0xff, 0xff, 0xf0,
    0x8f, 0xff, 0xff, 0xff, 0xff, 0xff, 0xff, 0xff,
    0xff, 0xff, 0xff, 0xf0, 0x8f, 0xff, 0xff, 0xff,
    0xff, 0xff, 0xff, 0xff, 0xff, 0xff, 0xff, 0xf0,
    0x8f, 0xff, 0xff, 0xff, 0xff, 0xff, 0xff, 0xff,
    0xff, 0xff, 0xff, 0xf0, 0x8f, 0xff, 0xff, 0xff,
    0xff, 0xff, 0xff, 0xff, 0x7b, 0xbb, 0xbb, 0x60,
    0x2a, 0xbb, 0xbb, 0xbb, 0xbb, 0xbb, 0xbb, 0xb7,

    /* U+F00C "" */
    0x0, 0x0, 0x0, 0x0, 0x0, 0x0, 0x0, 0x0,
    0x0, 0x0, 0xbd, 0x20, 0x0, 0x0, 0x0, 0x0,
    0x0, 0x0, 0x0, 0x0, 0x0, 0xc, 0xff, 0xe2,
    0x0, 0x0, 0x0, 0x0, 0x0, 0x0, 0x0, 0x0,
    0x0, 0xcf, 0xff, 0xfd, 0x0, 0x0, 0x0, 0x0,
    0x0, 0x0, 0x0, 0x0, 0xc, 0xff, 0xff, 0xfd,
    0x0, 0x0, 0x0, 0x0, 0x0, 0x0, 0x0, 0x0,
    0xcf, 0xff, 0xff, 0xd1, 0x0, 0x0, 0x0, 0x0,
    0x0, 0x0, 0x0, 0xc, 0xff, 0xff, 0xfd, 0x10,
    0x2, 0xdb, 0x0, 0x0, 0x0, 0x0, 0x0, 0xcf,
    0xff, 0xff, 0xd1, 0x0, 0x2e, 0xff, 0xc0, 0x0,
    0x0, 0x0, 0xc, 0xff, 0xff, 0xfd, 0x10, 0x0,
    0xdf, 0xff, 0xfc, 0x0, 0x0, 0x0, 0xcf, 0xff,
    0xff, 0xd1, 0x0, 0x0, 0xdf, 0xff, 0xff, 0xc0,
    0x0, 0xc, 0xff, 0xff, 0xfd, 0x10, 0x0, 0x0,
    0x1d, 0xff, 0xff, 0xfc, 0x0, 0xcf, 0xff, 0xff,
    0xd1, 0x0, 0x0, 0x0, 0x1, 0xdf, 0xff, 0xff,
    0xcc, 0xff, 0xff, 0xfd, 0x10, 0x0, 0x0, 0x0,
    0x0, 0x1d, 0xff, 0xff, 0xff, 0xff, 0xff, 0xd1,
    0x0, 0x0, 0x0, 0x0, 0x0, 0x1, 0xdf, 0xff,
    0xff, 0xff, 0xfd, 0x10, 0x0, 0x0, 0x0, 0x0,
    0x0, 0x0, 0x1d, 0xff, 0xff, 0xff, 0xd1, 0x0,
    0x0, 0x0, 0x0, 0x0, 0x0, 0x0, 0x1, 0xdf,
    0xff, 0xfd, 0x10, 0x0, 0x0, 0x0, 0x0, 0x0,
    0x0, 0x0, 0x0, 0x1d, 0xff, 0xd1, 0x0, 0x0,
    0x0, 0x0, 0x0, 0x0, 0x0, 0x0, 0x0, 0x1,
    0xcc, 0x10, 0x0, 0x0, 0x0, 0x0, 0x0, 0x0,

    /* U+F00D "" */
    0x1, 0x41, 0x0, 0x0, 0x0, 0x0, 0x3, 0x30,
    0x1, 0xdf, 0xd2, 0x0, 0x0, 0x0, 0x7, 0xff,
    0x70, 0xcf, 0xff, 0xe2, 0x0, 0x0, 0x8, 0xff,
    0xff, 0x4e, 0xff, 0xff, 0xe2, 0x0, 0x8, 0xff,
    0xff, 0xf6, 0x4f, 0xff, 0xff, 0xe2, 0x8, 0xff,
    0xff, 0xfb, 0x0, 0x4f, 0xff, 0xff, 0xe9, 0xff,
    0xff, 0xfb, 0x0, 0x0, 0x4f, 0xff, 0xff, 0xff,
    0xff, 0xfb, 0x0, 0x0, 0x0, 0x4f, 0xff, 0xff,
    0xff, 0xfb, 0x0, 0x0, 0x0, 0x0, 0x4f, 0xff,
    0xff, 0xfc, 0x0, 0x0, 0x0, 0x0, 0x8, 0xff,
    0xff, 0xff, 0xe2, 0x0, 0x0, 0x0, 0x8, 0xff,
    0xff, 0xff, 0xff, 0xe2, 0x0, 0x0, 0x8, 0xff,
    0xff, 0xff, 0xff, 0xff, 0xe2, 0x0, 0x8, 0xff,
    0xff, 0xfb, 0x5f, 0xff, 0xff, 0xe2, 0x7, 0xff,
    0xff, 0xfb, 0x0, 0x4f, 0xff, 0xff, 0xe1, 0xff,
    0xff, 0xfb, 0x0, 0x0, 0x4f, 0xff, 0xff, 0x7a,
    0xff, 0xfb, 0x0, 0x0, 0x0, 0x4f, 0xff, 0xf3,
    0xb, 0xfb, 0x0, 0x0, 0x0, 0x0, 0x4f, 0xf4,
    0x0, 0x1, 0x0, 0x0, 0x0, 0x0, 0x0, 0x0,
    0x0,

    /* U+F011 "" */
    0x0, 0x0, 0x0, 0x0, 0x0, 0xaf, 0xf8, 0x0,
    0x0, 0x0, 0x0, 0x0, 0x0, 0x0, 0x0, 0x0,
    0x0, 0xef, 0xfd, 0x0, 0x0, 0x0, 0x0, 0x0,
    0x0, 0x0, 0x8, 0x60, 0x0, 0xef, 0xfd, 0x0,
    0x7, 0x70, 0x0, 0x0, 0x0, 0x1, 0xcf, 0xf3,
    0x0, 0xef, 0xfd, 0x0, 0x5f, 0xfb, 0x0, 0x0,
    0x0, 0xc, 0xff, 0xfb, 0x0, 0xef, 0xfd, 0x0,
    0xcf, 0xff, 0xb0, 0x0, 0x0, 0x9f, 0xff, 0xf6,
    0x0, 0xef, 0xfd, 0x0, 0x7f, 0xff, 0xf7, 0x0,
    0x3, 0xff, 0xff, 0x60, 0x0, 0xef, 0xfd, 0x0,
    0x8, 0xff, 0xff, 0x20, 0xa, 0xff, 0xf9, 0x0,
    0x0, 0xef, 0xfd, 0x0, 0x0, 0xbf, 0xff, 0x90,
    0x1f, 0xff, 0xe0, 0x0, 0x0, 0xef, 0xfd, 0x0,
    0x0, 0x1f, 0xff, 0xf0, 0x5f, 0xff, 0x90, 0x0,
    0x0, 0xef, 0xfd, 0x0, 0x0, 0xa, 0xff, 0xf3,
    0x8f, 0xff, 0x40, 0x0, 0x0, 0xef, 0xfd, 0x0,
    0x0, 0x6, 0xff, 0xf6, 0x9f, 0xff, 0x20, 0x0,
    0x0, 0xef, 0xfd, 0x0, 0x0, 0x4, 0xff, 0xf8,
    0x9f, 0xff, 0x20, 0x0, 0x0, 0xef, 0xfc, 0x0,
    0x0, 0x4, 0xff, 0xf7, 0x8f, 0xff, 0x40, 0x0,
    0x0, 0x37, 0x72, 0x0, 0x0, 0x6, 0xff, 0xf6,
    0x5f, 0xff, 0x80, 0x0, 0x0, 0x0, 0x0, 0x0,
    0x0, 0xa, 0xff, 0xf4, 0x1f, 0xff, 0xe0, 0x0,
    0x0, 0x0, 0x0, 0x0, 0x0, 0x1f, 0xff, 0xf0,
    0xb, 0xff, 0xf8, 0x0, 0x0, 0x0, 0x0, 0x0,
    0x0, 0xaf, 0xff, 0xa0, 0x3, 0xff, 0xff, 0x60,
    0x0, 0x0, 0x0, 0x0, 0x7, 0xff, 0xff, 0x20,
    0x0, 0xaf, 0xff, 0xf8, 0x0, 0x0, 0x0, 0x1,
    0x9f, 0xff, 0xf8, 0x0, 0x0, 0xd, 0xff, 0xff,
    0xe8, 0x42, 0x24, 0x9e, 0xff, 0xff, 0xb0, 0x0,
    0x0, 0x1, 0xdf, 0xff, 0xff, 0xff, 0xff, 0xff,
    0xff, 0xfb, 0x10, 0x0, 0x0, 0x0, 0xa, 0xff,
    0xff, 0xff, 0xff, 0xff, 0xff, 0x90, 0x0, 0x0,
    0x0, 0x0, 0x0, 0x3b, 0xff, 0xff, 0xff, 0xff,
    0xb3, 0x0, 0x0, 0x0, 0x0, 0x0, 0x0, 0x0,
    0x15, 0x89, 0x97, 0x51, 0x0, 0x0, 0x0, 0x0,

    /* U+F013 "" */
    0x0, 0x0, 0x0, 0x0, 0x4, 0x89, 0x98, 0x40,
    0x0, 0x0, 0x0, 0x0, 0x0, 0x0, 0x0, 0x0,
    0xf, 0xff, 0xff, 0xf0, 0x0, 0x0, 0x0, 0x0,
    0x0, 0x0, 0x0, 0x0, 0xf, 0xff, 0xff, 0xf0,
    0x0, 0x0, 0x0, 0x0, 0x0, 0x0, 0x0, 0x0,
    0x4f, 0xff, 0xff, 0xf4, 0x0, 0x0, 0x0, 0x0,
    0x0, 0xc, 0xc3, 0x2c, 0xff, 0xff, 0xff, 0xff,
    0xc2, 0x3c, 0xc0, 0x0, 0x0, 0x8f, 0xff, 0xff,
    0xff, 0xff, 0xff, 0xff, 0xff, 0xff, 0xf8, 0x0,
    0x3, 0xff, 0xff, 0xff, 0xff, 0xff, 0xff, 0xff,
    0xff, 0xff, 0xff, 0x30, 0xa, 0xff, 0xff, 0xff,
    0xff, 0xff, 0xff, 0xff, 0xff, 0xff, 0xff, 0xa0,
    0xf, 0xff, 0xff, 0xff, 0xff, 0x94, 0x49, 0xff,
    0xff, 0xff, 0xff, 0xf0, 0x6, 0xef, 0xff, 0xff,
    0xf4, 0x0, 0x0, 0x4f, 0xff, 0xff, 0xfe, 0x60,
    0x0, 0x1e, 0xff, 0xff, 0x90, 0x0, 0x0, 0x9,
    0xff, 0xff, 0xe1, 0x0, 0x0, 0xf, 0xff, 0xff,
    0x40, 0x0, 0x0, 0x4, 0xff, 0xff, 0xf0, 0x0,
    0x0, 0xf, 0xff, 0xff, 0x40, 0x0, 0x0, 0x4,
    0xff, 0xff, 0xf0, 0x0, 0x0, 0x1e, 0xff, 0xff,
    0x90, 0x0, 0x0, 0x9, 0xff, 0xff, 0xe1, 0x0,
    0x6, 0xef, 0xff, 0xff, 0xf4, 0x0, 0x0, 0x4f,
    0xff, 0xff, 0xfe, 0x60, 0xf, 0xff, 0xff, 0xff,
    0xff, 0x94, 0x49, 0xff, 0xff, 0xff, 0xff, 0xf0,
    0xa, 0xff, 0xff, 0xff, 0xff, 0xff, 0xff, 0xff,
    0xff, 0xff, 0xff, 0xa0, 0x3, 0xff, 0xff, 0xff,
    0xff, 0xff, 0xff, 0xff, 0xff, 0xff, 0xff, 0x30,
    0x0, 0x8f, 0xff, 0xff, 0xff, 0xff, 0xff, 0xff,
    0xff, 0xff, 0xf8, 0x0, 0x0, 0xc, 0xc3, 0x2c,
    0xff, 0xff, 0xff, 0xff, 0xc2, 0x3c, 0xc0, 0x0,
    0x0, 0x0, 0x0, 0x0, 0x4f, 0xff, 0xff, 0xf4,
    0x0, 0x0, 0x0, 0x0, 0x0, 0x0, 0x0, 0x0,
    0xf, 0xff, 0xff, 0xf0, 0x0, 0x0, 0x0, 0x0,
    0x0, 0x0, 0x0, 0x0, 0xf, 0xff, 0xff, 0xf0,
    0x0, 0x0, 0x0, 0x0, 0x0, 0x0, 0x0, 0x0,
    0x4, 0x89, 0x98, 0x40, 0x0, 0x0, 0x0, 0x0,

    /* U+F015 "" */
    0x0, 0x0, 0x0, 0x0, 0x0, 0x0, 0x13, 0x10,
    0x0, 0x2, 0x44, 0x20, 0x0, 0x0, 0x0, 0x0,
    0x0, 0x0, 0x0, 0x5f, 0xfe, 0x40, 0x0, 0xdf,
    0xfd, 0x0, 0x0, 0x0, 0x0, 0x0, 0x0, 0x0,
    0x7f, 0xff, 0xff, 0x70, 0xe, 0xff, 0xe0, 0x0,
    0x0, 0x0, 0x0, 0x0, 0x0, 0xaf, 0xff, 0xff,
    0xff, 0xa0, 0xef, 0xfe, 0x0, 0x0, 0x0, 0x0,
    0x0, 0x1, 0xcf, 0xff, 0xb3, 0xbf, 0xff, 0xce,
    0xff, 0xe0, 0x0, 0x0, 0x0, 0x0, 0x3, 0xef,
    0xff, 0x90, 0x0, 0x9f, 0xff, 0xff, 0xfe, 0x0,
    0x0, 0x0, 0x0, 0x6, 0xff, 0xff, 0x60, 0x5d,
    0x50, 0x6f, 0xff, 0xff, 0xe0, 0x0, 0x0, 0x0,
    0x8, 0xff, 0xfe, 0x30, 0x8f, 0xff, 0x70, 0x4e,
    0xff, 0xfe, 0x0, 0x0, 0x0, 0x1b, 0xff, 0xfd,
    0x20, 0xaf, 0xff, 0xff, 0xa0, 0x2d, 0xff, 0xfb,
    0x0, 0x0, 0x2d, 0xff, 0xfb, 0x1, 0xcf, 0xff,
    0xff, 0xff, 0xc1, 0xb, 0xff, 0xfd, 0x20, 0x4f,
    0xff, 0xf8, 0x3, 0xef, 0xff, 0xff, 0xff, 0xff,
    0xe3, 0x8, 0xff, 0xfe, 0x4e, 0xff, 0xf5, 0x5,
    0xff, 0xff, 0xff, 0xff, 0xff, 0xff, 0xf5, 0x5,
    0xff, 0xfe, 0x4f, 0xe3, 0x8, 0xff, 0xff, 0xff,
    0xff, 0xff, 0xff, 0xff, 0xf8, 0x3, 0xef, 0x40,
    0x41, 0x7, 0xff, 0xff, 0xff, 0xff, 0xff, 0xff,
    0xff, 0xff, 0xf7, 0x1, 0x40, 0x0, 0x0, 0x8f,
    0xff, 0xff, 0xff, 0xff, 0xff, 0xff, 0xff, 0xff,
    0x80, 0x0, 0x0, 0x0, 0x8, 0xff, 0xff, 0xff,
    0xeb, 0xbb, 0xef, 0xff, 0xff, 0xf8, 0x0, 0x0,
    0x0, 0x0, 0x8f, 0xff, 0xff, 0xf4, 0x0, 0x4,
    0xff, 0xff, 0xff, 0x80, 0x0, 0x0, 0x0, 0x8,
    0xff, 0xff, 0xff, 0x40, 0x0, 0x4f, 0xff, 0xff,
    0xf8, 0x0, 0x0, 0x0, 0x0, 0x8f, 0xff, 0xff,
    0xf4, 0x0, 0x4, 0xff, 0xff, 0xff, 0x80, 0x0,
    0x0, 0x0, 0x8, 0xff, 0xff, 0xff, 0x40, 0x0,
    0x4f, 0xff, 0xff, 0xf8, 0x0, 0x0, 0x0, 0x0,
    0x7f, 0xff, 0xff, 0xf3, 0x0, 0x3, 0xff, 0xff,
    0xff, 0x70, 0x0, 0x0, 0x0, 0x3, 0xbb, 0xbb,
    0xba, 0x10, 0x0, 0x1a, 0xbb, 0xbb, 0xb3, 0x0,
    0x0,

    /* U+F019 "" */
    0x0, 0x0, 0x0, 0x0, 0x9, 0xdd, 0xdd, 0x90,
    0x0, 0x0, 0x0, 0x0, 0x0, 0x0, 0x0, 0x0,
    0xf, 0xff, 0xff, 0xf0, 0x0, 0x0, 0x0, 0x0,
    0x0, 0x0, 0x0, 0x0, 0xf, 0xff, 0xff, 0xf0,
    0x0, 0x0, 0x0, 0x0, 0x0, 0x0, 0x0, 0x0,
    0xf, 0xff, 0xff, 0xf0, 0x0, 0x0, 0x0, 0x0,
    0x0, 0x0, 0x0, 0x0, 0xf, 0xff, 0xff, 0xf0,
    0x0, 0x0, 0x0, 0x0, 0x0, 0x0, 0x0, 0x0,
    0xf, 0xff, 0xff, 0xf0, 0x0, 0x0, 0x0, 0x0,
    0x0, 0x0, 0x0, 0x0, 0xf, 0xff, 0xff, 0xf0,
    0x0, 0x0, 0x0, 0x0, 0x0, 0x0, 0x0, 0x0,
    0xf, 0xff, 0xff, 0xf0, 0x0, 0x0, 0x0, 0x0,
    0x0, 0x0, 0x0, 0x0, 0xf, 0xff, 0xff, 0xf0,
    0x0, 0x0, 0x0, 0x0, 0x0, 0x0, 0xad, 0xdd,
    0xdf, 0xff, 0xff, 0xfd, 0xdd, 0xda, 0x0, 0x0,
    0x0, 0x0, 0xdf, 0xff, 0xff, 0xff, 0xff, 0xff,
    0xff, 0xfd, 0x0, 0x0, 0x0, 0x0, 0x2d, 0xff,
    0xff, 0xff, 0xff, 0xff, 0xff, 0xd1, 0x0, 0x0,
    0x0, 0x0, 0x1, 0xdf, 0xff, 0xff, 0xff, 0xff,
    0xfd, 0x10, 0x0, 0x0, 0x0, 0x0, 0x0, 0x1d,
    0xff, 0xff, 0xff, 0xff, 0xd1, 0x0, 0x0, 0x0,
    0x0, 0x0, 0x0, 0x1, 0xdf, 0xff, 0xff, 0xfd,
    0x10, 0x0, 0x0, 0x0, 0x0, 0x0, 0x0, 0x0,
    0x1d, 0xff, 0xff, 0xd1, 0x0, 0x0, 0x0, 0x0,
    0x25, 0x55, 0x55, 0x55, 0x11, 0xdf, 0xfd, 0x11,
    0x55, 0x55, 0x55, 0x52, 0xef, 0xff, 0xff, 0xff,
    0xd1, 0x1d, 0xd1, 0x1d, 0xff, 0xff, 0xff, 0xfe,
    0xff, 0xff, 0xff, 0xff, 0xfd, 0x10, 0x1, 0xdf,
    0xff, 0xff, 0xff, 0xff, 0xff, 0xff, 0xff, 0xff,
    0xff, 0xf9, 0x9f, 0xff, 0xff, 0xff, 0xff, 0xff,
    0xff, 0xff, 0xff, 0xff, 0xff, 0xff, 0xff, 0xff,
    0xff, 0xff, 0xff, 0xff, 0xff, 0xff, 0xff, 0xff,
    0xff, 0xff, 0xff, 0xff, 0x71, 0xe7, 0x1e, 0xff,
    0xff, 0xff, 0xff, 0xff, 0xff, 0xff, 0xff, 0xff,
    0xb6, 0xfb, 0x6f, 0xff, 0xbf, 0xff, 0xff, 0xff,
    0xff, 0xff, 0xff, 0xff, 0xff, 0xff, 0xff, 0xfb,

    /* U+F01C "" */
    0x0, 0x0, 0x3, 0xcf, 0xff, 0xff, 0xff, 0xff,
    0xff, 0xff, 0xd3, 0x0, 0x0, 0x0, 0x0, 0x1,
    0xef, 0xff, 0xff, 0xff, 0xff, 0xff, 0xff, 0xff,
    0xe1, 0x0, 0x0, 0x0, 0x0, 0xaf, 0xff, 0xff,
    0xff, 0xff, 0xff, 0xff, 0xff, 0xff, 0xa0, 0x0,
    0x0, 0x0, 0x5f, 0xff, 0x40, 0x0, 0x0, 0x0,
    0x0, 0x0, 0x4f, 0xff, 0x50, 0x0, 0x0, 0x1e,
    0xff, 0x90, 0x0, 0x0, 0x0, 0x0, 0x0, 0x0,
    0x9f, 0xfe, 0x10, 0x0, 0xa, 0xff, 0xe0, 0x0,
    0x0, 0x0, 0x0, 0x0, 0x0, 0x0, 0xef, 0xfa,
    0x0, 0x5, 0xff, 0xf4, 0x0, 0x0, 0x0, 0x0,
    0x0, 0x0, 0x0, 0x4, 0xff, 0xf5, 0x1, 0xef,
    0xf9, 0x0, 0x0, 0x0, 0x0, 0x0, 0x0, 0x0,
    0x0, 0x9, 0xff, 0xe1, 0xaf, 0xfe, 0x0, 0x0,
    0x0, 0x0, 0x0, 0x0, 0x0, 0x0, 0x0, 0xe,
    0xff, 0xaf, 0xff, 0xff, 0xff, 0xff, 0xa0, 0x0,
    0x0, 0x0, 0xaf, 0xff, 0xff, 0xff, 0xff, 0xff,
    0xff, 0xff, 0xff, 0xff, 0x20, 0x0, 0x0, 0x2f,
    0xff, 0xff, 0xff, 0xff, 0xff, 0xff, 0xff, 0xff,
    0xff, 0xfa, 0x0, 0x0, 0xa, 0xff, 0xff, 0xff,
    0xff, 0xff, 0xff, 0xff, 0xff, 0xff, 0xff, 0xff,
    0xff, 0xff, 0xff, 0xff, 0xff, 0xff, 0xff, 0xff,
    0xff, 0xff, 0xff, 0xff, 0xff, 0xff, 0xff, 0xff,
    0xff, 0xff, 0xff, 0xff, 0xff, 0xff, 0xff, 0xff,
    0xff, 0xff, 0xff, 0xff, 0xff, 0xff, 0xff, 0xff,
    0xff, 0xff, 0xff, 0xff, 0xff, 0xff, 0xff, 0xff,
    0xff, 0xff, 0xff, 0xff, 0xff, 0xff, 0xff, 0xff,
    0xdf, 0xff, 0xff, 0xff, 0xff, 0xff, 0xff, 0xff,
    0xff, 0xff, 0xff, 0xff, 0xff, 0xd3, 0xdf, 0xff,
    0xff, 0xff, 0xff, 0xff, 0xff, 0xff, 0xff, 0xff,
    0xff, 0xff, 0xd3,

    /* U+F021 "" */
    0x0, 0x0, 0x0, 0x0, 0x0, 0x0, 0x0, 0x0,
    0x0, 0x0, 0x3, 0x32, 0x0, 0x0, 0x0, 0x0,
    0x3, 0x67, 0x75, 0x20, 0x0, 0x0, 0x4f, 0xff,
    0x0, 0x0, 0x0, 0x29, 0xff, 0xff, 0xff, 0xfd,
    0x70, 0x0, 0x4f, 0xff, 0x0, 0x0, 0x8, 0xff,
    0xff, 0xff, 0xff, 0xff, 0xfe, 0x60, 0x3f, 0xff,
    0x0, 0x1, 0xcf, 0xff, 0xff, 0xfe, 0xef, 0xff,
    0xff, 0xfb, 0x3f, 0xff, 0x0, 0xd, 0xff, 0xff,
    0xb4, 0x0, 0x0, 0x5b, 0xff, 0xff, 0xdf, 0xff,
    0x0, 0xaf, 0xff, 0xe4, 0x0, 0x0, 0x0, 0x0,
    0x4d, 0xff, 0xff, 0xff, 0x4, 0xff, 0xfd, 0x10,
    0x0, 0x0, 0x0, 0x0, 0x0, 0xcf, 0xff, 0xff,
    0xc, 0xff, 0xf2, 0x0, 0x0, 0x0, 0x6, 0xff,
    0xee, 0xef, 0xff, 0xff, 0x1f, 0xff, 0x80, 0x0,
    0x0, 0x0, 0x8, 0xff, 0xff, 0xff, 0xff, 0xff,
    0x5f, 0xff, 0x10, 0x0, 0x0, 0x0, 0x7, 0xff,
    0xff, 0xff, 0xff, 0xff, 0x4, 0x43, 0x0, 0x0,
    0x0, 0x0, 0x1, 0x44, 0x44, 0x44, 0x44, 0x43,
    0x0, 0x0, 0x0, 0x0, 0x0, 0x0, 0x0, 0x0,
    0x0, 0x0, 0x0, 0x0, 0x0, 0x0, 0x0, 0x0,
    0x0, 0x0, 0x0, 0x0, 0x0, 0x0, 0x0, 0x0,
    0x34, 0x44, 0x44, 0x44, 0x44, 0x0, 0x0, 0x0,
    0x0, 0x0, 0x34, 0x40, 0xff, 0xff, 0xff, 0xff,
    0xff, 0x70, 0x0, 0x0, 0x0, 0x1, 0xff, 0xf5,
    0xff, 0xff, 0xff, 0xff, 0xff, 0x80, 0x0, 0x0,
    0x0, 0x8, 0xff, 0xf1, 0xff, 0xff, 0xfd, 0xee,
    0xff, 0x60, 0x0, 0x0, 0x0, 0x2f, 0xff, 0xb0,
    0xff, 0xff, 0xfb, 0x0, 0x0, 0x0, 0x0, 0x0,
    0x1, 0xdf, 0xff, 0x40, 0xff, 0xff, 0xff, 0xd3,
    0x0, 0x0, 0x0, 0x0, 0x4e, 0xff, 0xfa, 0x0,
    0xff, 0xfe, 0xff, 0xff, 0xb5, 0x0, 0x0, 0x4b,
    0xff, 0xff, 0xd0, 0x0, 0xff, 0xf3, 0xbf, 0xff,
    0xff, 0xfe, 0xef, 0xff, 0xff, 0xfc, 0x10, 0x0,
    0xff, 0xf3, 0x6, 0xff, 0xff, 0xff, 0xff, 0xff,
    0xff, 0x80, 0x0, 0x0, 0xff, 0xf4, 0x0, 0x17,
    0xdf, 0xff, 0xff, 0xff, 0xa2, 0x0, 0x0, 0x0,
    0xff, 0xf4, 0x0, 0x0, 0x2, 0x67, 0x76, 0x30,
    0x0, 0x0, 0x0, 0x0, 0x23, 0x30, 0x0, 0x0,
    0x0, 0x0, 0x0, 0x0, 0x0, 0x0, 0x0, 0x0,

    /* U+F026 "" */
    0x0, 0x0, 0x0, 0x0, 0x1, 0xa7, 0x0, 0x0,
    0x0, 0x0, 0x1c, 0xff, 0x0, 0x0, 0x0, 0x1,
    0xcf, 0xff, 0x0, 0x0, 0x0, 0x1c, 0xff, 0xff,
    0x14, 0x44, 0x44, 0xcf, 0xff, 0xff, 0xef, 0xff,
    0xff, 0xff, 0xff, 0xff, 0xff, 0xff, 0xff, 0xff,
    0xff, 0xff, 0xff, 0xff, 0xff, 0xff, 0xff, 0xff,
    0xff, 0xff, 0xff, 0xff, 0xff, 0xff, 0xff, 0xff,
    0xff, 0xff, 0xff, 0xff, 0xff, 0xff, 0xff, 0xff,
    0xff, 0xff, 0xff, 0xff, 0xff, 0xff, 0xff, 0xff,
    0xff, 0xff, 0xff, 0xff, 0xff, 0xff, 0x7b, 0xbb,
    0xbb, 0xff, 0xff, 0xff, 0x0, 0x0, 0x0, 0x5f,
    0xff, 0xff, 0x0, 0x0, 0x0, 0x5, 0xff, 0xff,
    0x0, 0x0, 0x0, 0x0, 0x5f, 0xff, 0x0, 0x0,
    0x0, 0x0, 0x5, 0xfd, 0x0, 0x0, 0x0, 0x0,
    0x0, 0x10,

    /* U+F027 "" */
    0x0, 0x0, 0x0, 0x0, 0x0, 0x96, 0x0, 0x0,
    0x0, 0x0, 0x0, 0x0, 0x0, 0xc, 0xff, 0x0,
    0x0, 0x0, 0x0, 0x0, 0x0, 0x0, 0xcf, 0xff,
    0x0, 0x0, 0x0, 0x0, 0x0, 0x0, 0xc, 0xff,
    0xff, 0x0, 0x0, 0x0, 0x13, 0x33, 0x33, 0xcf,
    0xff, 0xff, 0x0, 0x0, 0x0, 0xdf, 0xff, 0xff,
    0xff, 0xff, 0xff, 0x0, 0x4a, 0x20, 0xff, 0xff,
    0xff, 0xff, 0xff, 0xff, 0x0, 0xcf, 0xe1, 0xff,
    0xff, 0xff, 0xff, 0xff, 0xff, 0x0, 0x3e, 0xfa,
    0xff, 0xff, 0xff, 0xff, 0xff, 0xff, 0x0, 0x6,
    0xfe, 0xff, 0xff, 0xff, 0xff, 0xff, 0xff, 0x0,
    0x5, 0xfe, 0xff, 0xff, 0xff, 0xff, 0xff, 0xff,
    0x0, 0x2e, 0xfa, 0xff, 0xff, 0xff, 0xff, 0xff,
    0xff, 0x0, 0xcf, 0xf2, 0xff, 0xff, 0xff, 0xff,
    0xff, 0xff, 0x0, 0x5b, 0x30, 0x7c, 0xcc, 0xcc,
    0xff, 0xff, 0xff, 0x0, 0x0, 0x0, 0x0, 0x0,
    0x0, 0x5f, 0xff, 0xff, 0x0, 0x0, 0x0, 0x0,
    0x0, 0x0, 0x5, 0xff, 0xff, 0x0, 0x0, 0x0,
    0x0, 0x0, 0x0, 0x0, 0x5f, 0xff, 0x0, 0x0,
    0x0, 0x0, 0x0, 0x0, 0x0, 0x5, 0xfd, 0x0,
    0x0, 0x0, 0x0, 0x0, 0x0, 0x0, 0x0, 0x21,
    0x0, 0x0, 0x0,

    /* U+F028 "" */
    0x0, 0x0, 0x0, 0x0, 0x0, 0x0, 0x0, 0x0,
    0x0, 0x0, 0x30, 0x0, 0x0, 0x0, 0x0, 0x0,
    0x0, 0x0, 0x0, 0x0, 0x0, 0x0, 0x0, 0xaf,
    0xb1, 0x0, 0x0, 0x0, 0x0, 0x0, 0x0, 0x0,
    0x0, 0x0, 0x0, 0x0, 0x7, 0xff, 0xd1, 0x0,
    0x0, 0x0, 0x0, 0x0, 0x0, 0x1a, 0x70, 0x0,
    0x0, 0x0, 0x6, 0xff, 0xd0, 0x0, 0x0, 0x0,
    0x0, 0x0, 0x1c, 0xff, 0x0, 0x0, 0x6, 0x30,
    0x5, 0xff, 0xa0, 0x0, 0x0, 0x0, 0x0, 0x1c,
    0xff, 0xf0, 0x0, 0x3, 0xff, 0x70, 0x8, 0xff,
    0x40, 0x0, 0x0, 0x0, 0x1c, 0xff, 0xff, 0x0,
    0x0, 0xc, 0xff, 0x70, 0xc, 0xfc, 0x1, 0x44,
    0x44, 0x4c, 0xff, 0xff, 0xf0, 0x0, 0x0, 0xa,
    0xff, 0x30, 0x4f, 0xf3, 0xef, 0xff, 0xff, 0xff,
    0xff, 0xff, 0x0, 0x5a, 0x20, 0xc, 0xfb, 0x0,
    0xdf, 0x8f, 0xff, 0xff, 0xff, 0xff, 0xff, 0xf0,
    0xc, 0xfe, 0x20, 0x4f, 0xf1, 0x8, 0xfb, 0xff,
    0xff, 0xff, 0xff, 0xff, 0xff, 0x0, 0x2e, 0xfa,
    0x0, 0xff, 0x50, 0x5f, 0xef, 0xff, 0xff, 0xff,
    0xff, 0xff, 0xf0, 0x0, 0x6f, 0xe0, 0xc, 0xf7,
    0x4, 0xff, 0xff, 0xff, 0xff, 0xff, 0xff, 0xff,
    0x0, 0x6, 0xfe, 0x0, 0xcf, 0x70, 0x4f, 0xff,
    0xff, 0xff, 0xff, 0xff, 0xff, 0xf0, 0x2, 0xef,
    0xa0, 0xf, 0xf5, 0x6, 0xfe, 0xff, 0xff, 0xff,
    0xff, 0xff, 0xff, 0x0, 0xcf, 0xe2, 0x4, 0xff,
    0x10, 0x9f, 0xbf, 0xff, 0xff, 0xff, 0xff, 0xff,
    0xf0, 0x4, 0xa2, 0x0, 0xcf, 0xb0, 0xd, 0xf8,
    0x7b, 0xbb, 0xbb, 0xff, 0xff, 0xff, 0x0, 0x0,
    0x0, 0xaf, 0xf3, 0x4, 0xff, 0x30, 0x0, 0x0,
    0x5, 0xff, 0xff, 0xf0, 0x0, 0x0, 0xcf, 0xf7,
    0x0, 0xcf, 0xc0, 0x0, 0x0, 0x0, 0x5, 0xff,
    0xff, 0x0, 0x0, 0x3f, 0xf7, 0x0, 0x6f, 0xf4,
    0x0, 0x0, 0x0, 0x0, 0x5, 0xff, 0xf0, 0x0,
    0x0, 0x53, 0x0, 0x4f, 0xfa, 0x0, 0x0, 0x0,
    0x0, 0x0, 0x5, 0xfd, 0x0, 0x0, 0x0, 0x0,
    0x6f, 0xfd, 0x0, 0x0, 0x0, 0x0, 0x0, 0x0,
    0x1, 0x0, 0x0, 0x0, 0x0, 0x7f, 0xfd, 0x10,
    0x0, 0x0, 0x0, 0x0, 0x0, 0x0, 0x0, 0x0,
    0x0, 0x0, 0x9, 0xfb, 0x10, 0x0, 0x0, 0x0,
    0x0, 0x0, 0x0, 0x0, 0x0, 0x0, 0x0, 0x0,
    0x3, 0x0, 0x0, 0x0,

    /* U+F03E "" */
    0x3d, 0xff, 0xff, 0xff, 0xff, 0xff, 0xff, 0xff,
    0xff, 0xff, 0xff, 0xd3, 0xdf, 0xff, 0xff, 0xff,
    0xff, 0xff, 0xff, 0xff, 0xff, 0xff, 0xff, 0xfd,
    0xff, 0xff, 0xca, 0xef, 0xff, 0xff, 0xff, 0xff,
    0xff, 0xff, 0xff, 0xff, 0xff, 0xf6, 0x0, 0x1d,
    0xff, 0xff, 0xff, 0xff, 0xff, 0xff, 0xff, 0xff,
    0xff, 0xc0, 0x0, 0x4, 0xff, 0xff, 0xff, 0xff,
    0xff, 0xff, 0xff, 0xff, 0xff, 0xa0, 0x0, 0x2,
    0xff, 0xff, 0xff, 0xff, 0x9f, 0xff, 0xff, 0xff,
    0xff, 0xe1, 0x0, 0x8, 0xff, 0xff, 0xff, 0xf4,
    0x4, 0xff, 0xff, 0xff, 0xff, 0xfc, 0x42, 0x8f,
    0xff, 0xff, 0xff, 0x40, 0x0, 0x4f, 0xff, 0xff,
    0xff, 0xff, 0xff, 0xff, 0xff, 0xff, 0xf4, 0x0,
    0x0, 0x4, 0xff, 0xff, 0xff, 0xff, 0xff, 0x6b,
    0xff, 0xff, 0x40, 0x0, 0x0, 0x0, 0x4f, 0xff,
    0xff, 0xff, 0xf4, 0x0, 0xbf, 0xf4, 0x0, 0x0,
    0x0, 0x0, 0xf, 0xff, 0xff, 0xff, 0x40, 0x0,
    0xb, 0x40, 0x0, 0x0, 0x0, 0x0, 0xf, 0xff,
    0xff, 0xf4, 0x0, 0x0, 0x0, 0x0, 0x0, 0x0,
    0x0, 0x0, 0xf, 0xff, 0xff, 0xf0, 0x0, 0x0,
    0x0, 0x0, 0x0, 0x0, 0x0, 0x0, 0xf, 0xff,
    0xff, 0xf0, 0x0, 0x0, 0x0, 0x0, 0x0, 0x0,
    0x0, 0x0, 0xf, 0xff, 0xff, 0xff, 0xff, 0xff,
    0xff, 0xff, 0xff, 0xff, 0xff, 0xff, 0xff, 0xff,
    0xdf, 0xff, 0xff, 0xff, 0xff, 0xff, 0xff, 0xff,
    0xff, 0xff, 0xff, 0xfd, 0x3d, 0xff, 0xff, 0xff,
    0xff, 0xff, 0xff, 0xff, 0xff, 0xff, 0xff, 0xd3,

    /* U+F043 "" */
    0x0, 0x0, 0x0, 0xc, 0xe3, 0x0, 0x0, 0x0,
    0x0, 0x0, 0x0, 0x5, 0xff, 0xa0, 0x0, 0x0,
    0x0, 0x0, 0x0, 0x0, 0xbf, 0xff, 0x0, 0x0,
    0x0, 0x0, 0x0, 0x0, 0x2f, 0xff, 0xf6, 0x0,
    0x0, 0x0, 0x0, 0x0, 0x9, 0xff, 0xff, 0xd0,
    0x0, 0x0, 0x0, 0x0, 0x1, 0xff, 0xff, 0xff,
    0x50, 0x0, 0x0, 0x0, 0x0, 0xaf, 0xff, 0xff,
    0xfe, 0x0, 0x0, 0x0, 0x0, 0x4f, 0xff, 0xff,
    0xff, 0xf8, 0x0, 0x0, 0x0, 0x1e, 0xff, 0xff,
    0xff, 0xff, 0xf3, 0x0, 0x0, 0xa, 0xff, 0xff,
    0xff, 0xff, 0xff, 0xe0, 0x0, 0x5, 0xff, 0xff,
    0xff, 0xff, 0xff, 0xff, 0x90, 0x0, 0xdf, 0xff,
    0xff, 0xff, 0xff, 0xff, 0xff, 0x20, 0x5f, 0xff,
    0xff, 0xff, 0xff, 0xff, 0xff, 0xf9, 0xa, 0xff,
    0xff, 0xff, 0xff, 0xff, 0xff, 0xff, 0xe0, 0xef,
    0xff, 0xff, 0xff, 0xff, 0xff, 0xff, 0xff, 0x2f,
    0xff, 0x2d, 0xff, 0xff, 0xff, 0xff, 0xff, 0xf4,
    0xef, 0xf1, 0xaf, 0xff, 0xff, 0xff, 0xff, 0xff,
    0x3c, 0xff, 0x44, 0xff, 0xff, 0xff, 0xff, 0xff,
    0xf1, 0x8f, 0xfc, 0x7, 0xff, 0xff, 0xff, 0xff,
    0xfc, 0x1, 0xff, 0xf9, 0x2, 0x7c, 0xff, 0xff,
    0xff, 0x50, 0x7, 0xff, 0xfb, 0x40, 0x6f, 0xff,
    0xff, 0xb0, 0x0, 0xa, 0xff, 0xff, 0xff, 0xff,
    0xff, 0xd1, 0x0, 0x0, 0x8, 0xff, 0xff, 0xff,
    0xff, 0xb0, 0x0, 0x0, 0x0, 0x2, 0x8d, 0xff,
    0xda, 0x40, 0x0, 0x0,

    /* U+F048 "" */
    0x34, 0x40, 0x0, 0x0, 0x0, 0x0, 0x4, 0xf,
    0xff, 0x50, 0x0, 0x0, 0x0, 0x1d, 0xfb, 0xff,
    0xf6, 0x0, 0x0, 0x0, 0x2d, 0xff, 0xff, 0xff,
    0x60, 0x0, 0x0, 0x2e, 0xff, 0xff, 0xff, 0xf6,
    0x0, 0x0, 0x3f, 0xff, 0xff, 0xff, 0xff, 0x60,
    0x0, 0x4f, 0xff, 0xff, 0xff, 0xff, 0xf6, 0x0,
    0x5f, 0xff, 0xff, 0xff, 0xff, 0xff, 0x60, 0x6f,
    0xff, 0xff, 0xff, 0xff, 0xff, 0xf6, 0x8f, 0xff,
    0xff, 0xff, 0xff, 0xff, 0xff, 0xdf, 0xff, 0xff,
    0xff, 0xff, 0xff, 0xff, 0xff, 0xff, 0xff, 0xff,
    0xff, 0xff, 0xff, 0xff, 0xff, 0xff, 0xff, 0xff,
    0xff, 0xff, 0xff, 0xff, 0xff, 0xff, 0xff, 0xff,
    0xff, 0xff, 0xff, 0x8e, 0xff, 0xff, 0xff, 0xff,
    0xff, 0xff, 0xf6, 0x1d, 0xff, 0xff, 0xff, 0xff,
    0xff, 0xff, 0x60, 0x1c, 0xff, 0xff, 0xff, 0xff,
    0xff, 0xf6, 0x0, 0xb, 0xff, 0xff, 0xff, 0xff,
    0xff, 0x60, 0x0, 0xa, 0xff, 0xff, 0xff, 0xff,
    0xf6, 0x0, 0x0, 0x9, 0xff, 0xff, 0xff, 0xff,
    0x60, 0x0, 0x0, 0x8, 0xff, 0xff, 0xff, 0xf6,
    0x0, 0x0, 0x0, 0x6, 0xff, 0xea, 0xbb, 0x30,
    0x0, 0x0, 0x0, 0x5, 0xb4,

    /* U+F04B "" */
    0x0, 0x0, 0x0, 0x0, 0x0, 0x0, 0x0, 0x0,
    0x0, 0x0, 0x3, 0xdf, 0x91, 0x0, 0x0, 0x0,
    0x0, 0x0, 0x0, 0x0, 0x0, 0xdf, 0xff, 0xe6,
    0x0, 0x0, 0x0, 0x0, 0x0, 0x0, 0x0, 0xf,
    0xff, 0xff, 0xfc, 0x30, 0x0, 0x0, 0x0, 0x0,
    0x0, 0x0, 0xff, 0xff, 0xff, 0xff, 0xa1, 0x0,
    0x0, 0x0, 0x0, 0x0, 0xf, 0xff, 0xff, 0xff,
    0xff, 0xf7, 0x0, 0x0, 0x0, 0x0, 0x0, 0xff,
    0xff, 0xff, 0xff, 0xff, 0xfd, 0x40, 0x0, 0x0,
    0x0, 0xf, 0xff, 0xff, 0xff, 0xff, 0xff, 0xff,
    0xa2, 0x0, 0x0, 0x0, 0xff, 0xff, 0xff, 0xff,
    0xff, 0xff, 0xff, 0xf8, 0x0, 0x0, 0xf, 0xff,
    0xff, 0xff, 0xff, 0xff, 0xff, 0xff, 0xfe, 0x50,
    0x0, 0xff, 0xff, 0xff, 0xff, 0xff, 0xff, 0xff,
    0xff, 0xff, 0xb2, 0xf, 0xff, 0xff, 0xff, 0xff,
    0xff, 0xff, 0xff, 0xff, 0xff, 0xf5, 0xff, 0xff,
    0xff, 0xff, 0xff, 0xff, 0xff, 0xff, 0xff, 0xff,
    0xef, 0xff, 0xff, 0xff, 0xff, 0xff, 0xff, 0xff,
    0xff, 0xff, 0xfe, 0xff, 0xff, 0xff, 0xff, 0xff,
    0xff, 0xff, 0xff, 0xff, 0xff, 0x6f, 0xff, 0xff,
    0xff, 0xff, 0xff, 0xff, 0xff, 0xff, 0xfb, 0x20,
    0xff, 0xff, 0xff, 0xff, 0xff, 0xff, 0xff, 0xff,
    0xe5, 0x0, 0xf, 0xff, 0xff, 0xff, 0xff, 0xff,
    0xff, 0xff, 0x80, 0x0, 0x0, 0xff, 0xff, 0xff,
    0xff, 0xff, 0xff, 0xfb, 0x20, 0x0, 0x0, 0xf,
    0xff, 0xff, 0xff, 0xff, 0xff, 0xd4, 0x0, 0x0,
    0x0, 0x0, 0xff, 0xff, 0xff, 0xff, 0xff, 0x70,
    0x0, 0x0, 0x0, 0x0, 0xf, 0xff, 0xff, 0xff,
    0xfa, 0x10, 0x0, 0x0, 0x0, 0x0, 0x0, 0xff,
    0xff, 0xff, 0xd3, 0x0, 0x0, 0x0, 0x0, 0x0,
    0x0, 0xd, 0xff, 0xfe, 0x60, 0x0, 0x0, 0x0,
    0x0, 0x0, 0x0, 0x0, 0x3d, 0xf9, 0x10, 0x0,
    0x0, 0x0, 0x0, 0x0, 0x0, 0x0, 0x0, 0x0,
    0x0, 0x0, 0x0, 0x0, 0x0, 0x0, 0x0, 0x0,
    0x0,

    /* U+F04C "" */
    0x19, 0xcc, 0xcc, 0xc9, 0x10, 0x0, 0x19, 0xcc,
    0xcc, 0xc9, 0x1b, 0xff, 0xff, 0xff, 0xfb, 0x0,
    0xb, 0xff, 0xff, 0xff, 0xfb, 0xff, 0xff, 0xff,
    0xff, 0xf0, 0x0, 0xff, 0xff, 0xff, 0xff, 0xff,
    0xff, 0xff, 0xff, 0xff, 0x0, 0xf, 0xff, 0xff,
    0xff, 0xff, 0xff, 0xff, 0xff, 0xff, 0xf0, 0x0,
    0xff, 0xff, 0xff, 0xff, 0xff, 0xff, 0xff, 0xff,
    0xff, 0x0, 0xf, 0xff, 0xff, 0xff, 0xff, 0xff,
    0xff, 0xff, 0xff, 0xf0, 0x0, 0xff, 0xff, 0xff,
    0xff, 0xff, 0xff, 0xff, 0xff, 0xff, 0x0, 0xf,
    0xff, 0xff, 0xff, 0xff, 0xff, 0xff, 0xff, 0xff,
    0xf0, 0x0, 0xff, 0xff, 0xff, 0xff, 0xff, 0xff,
    0xff, 0xff, 0xff, 0x0, 0xf, 0xff, 0xff, 0xff,
    0xff, 0xff, 0xff, 0xff, 0xff, 0xf0, 0x0, 0xff,
    0xff, 0xff, 0xff, 0xff, 0xff, 0xff, 0xff, 0xff,
    0x0, 0xf, 0xff, 0xff, 0xff, 0xff, 0xff, 0xff,
    0xff, 0xff, 0xf0, 0x0, 0xff, 0xff, 0xff, 0xff,
    0xff, 0xff, 0xff, 0xff, 0xff, 0x0, 0xf, 0xff,
    0xff, 0xff, 0xff, 0xff, 0xff, 0xff, 0xff, 0xf0,
    0x0, 0xff, 0xff, 0xff, 0xff, 0xff, 0xff, 0xff,
    0xff, 0xff, 0x0, 0xf, 0xff, 0xff, 0xff, 0xff,
    0xff, 0xff, 0xff, 0xff, 0xf0, 0x0, 0xff, 0xff,
    0xff, 0xff, 0xff, 0xff, 0xff, 0xff, 0xff, 0x0,
    0xf, 0xff, 0xff, 0xff, 0xff, 0xff, 0xff, 0xff,
    0xff, 0xf0, 0x0, 0xff, 0xff, 0xff, 0xff, 0xfe,
    0xff, 0xff, 0xff, 0xfe, 0x0, 0xe, 0xff, 0xff,
    0xff, 0xfe, 0x5f, 0xff, 0xff, 0xff, 0x50, 0x0,
    0x5f, 0xff, 0xff, 0xff, 0x50, 0x13, 0x33, 0x33,
    0x10, 0x0, 0x0, 0x13, 0x33, 0x33, 0x10,

    /* U+F04D "" */
    0x1, 0x44, 0x44, 0x44, 0x44, 0x44, 0x44, 0x44,
    0x44, 0x41, 0x6, 0xff, 0xff, 0xff, 0xff, 0xff,
    0xff, 0xff, 0xff, 0xff, 0xf6, 0xef, 0xff, 0xff,
    0xff, 0xff, 0xff, 0xff, 0xff, 0xff, 0xff, 0xef,
    0xff, 0xff, 0xff, 0xff, 0xff, 0xff, 0xff, 0xff,
    0xff, 0xff, 0xff, 0xff, 0xff, 0xff, 0xff, 0xff,
    0xff, 0xff, 0xff, 0xff, 0xff, 0xff, 0xff, 0xff,
    0xff, 0xff, 0xff, 0xff, 0xff, 0xff, 0xff, 0xff,
    0xff, 0xff, 0xff, 0xff, 0xff, 0xff, 0xff, 0xff,
    0xff, 0xff, 0xff, 0xff, 0xff, 0xff, 0xff, 0xff,
    0xff, 0xff, 0xff, 0xff, 0xff, 0xff, 0xff, 0xff,
    0xff, 0xff, 0xff, 0xff, 0xff, 0xff, 0xff, 0xff,
    0xff, 0xff, 0xff, 0xff, 0xff, 0xff, 0xff, 0xff,
    0xff, 0xff, 0xff, 0xff, 0xff, 0xff, 0xff, 0xff,
    0xff, 0xff, 0xff, 0xff, 0xff, 0xff, 0xff, 0xff,
    0xff, 0xff, 0xff, 0xff, 0xff, 0xff, 0xff, 0xff,
    0xff, 0xff, 0xff, 0xff, 0xff, 0xff, 0xff, 0xff,
    0xff, 0xff, 0xff, 0xff, 0xff, 0xff, 0xff, 0xff,
    0xff, 0xff, 0xff, 0xff, 0xff, 0xff, 0xff, 0xff,
    0xff, 0xff, 0xff, 0xff, 0xff, 0xff, 0xff, 0xff,
    0xff, 0xff, 0xff, 0xff, 0xff, 0xff, 0xff, 0xff,
    0xff, 0xff, 0xff, 0xff, 0xff, 0xff, 0xff, 0xff,
    0xff, 0xff, 0xff, 0xff, 0xff, 0xff, 0xff, 0xff,
    0xff, 0xff, 0xff, 0xff, 0xff, 0xff, 0xff, 0xff,
    0xff, 0xff, 0xff, 0xff, 0xff, 0xff, 0xff, 0xff,
    0xff, 0xff, 0xff, 0xff, 0xff, 0xff, 0xff, 0xff,
    0xff, 0xff, 0xbf, 0xff, 0xff, 0xff, 0xff, 0xff,
    0xff, 0xff, 0xff, 0xff, 0xb1, 0x8b, 0xbb, 0xbb,
    0xbb, 0xbb, 0xbb, 0xbb, 0xbb, 0xbb, 0x81,

    /* U+F051 "" */
    0x4, 0x0, 0x0, 0x0, 0x0, 0x0, 0x44, 0x3b,
    0xfd, 0x10, 0x0, 0x0, 0x0, 0x5f, 0xff, 0xff,
    0xfd, 0x20, 0x0, 0x0, 0x6, 0xff, 0xff, 0xff,
    0xfe, 0x30, 0x0, 0x0, 0x6f, 0xff, 0xff, 0xff,
    0xff, 0x40, 0x0, 0x6, 0xff, 0xff, 0xff, 0xff,
    0xff, 0x50, 0x0, 0x6f, 0xff, 0xff, 0xff, 0xff,
    0xff, 0x60, 0x6, 0xff, 0xff, 0xff, 0xff, 0xff,
    0xff, 0x70, 0x6f, 0xff, 0xff, 0xff, 0xff, 0xff,
    0xff, 0x86, 0xff, 0xff, 0xff, 0xff, 0xff, 0xff,
    0xff, 0xdf, 0xff, 0xff, 0xff, 0xff, 0xff, 0xff,
    0xff, 0xff, 0xff, 0xff, 0xff, 0xff, 0xff, 0xff,
    0xff, 0xff, 0xff, 0xff, 0xff, 0xff, 0xff, 0xff,
    0xff, 0xff, 0xff, 0xff, 0xff, 0xff, 0xfd, 0x8f,
    0xff, 0xff, 0xff, 0xff, 0xff, 0xfc, 0x16, 0xff,
    0xff, 0xff, 0xff, 0xff, 0xfc, 0x0, 0x6f, 0xff,
    0xff, 0xff, 0xff, 0xfb, 0x0, 0x6, 0xff, 0xff,
    0xff, 0xff, 0xfa, 0x0, 0x0, 0x6f, 0xff, 0xff,
    0xff, 0xf8, 0x0, 0x0, 0x6, 0xff, 0xff, 0xff,
    0xf7, 0x0, 0x0, 0x0, 0x6f, 0xff, 0xef, 0xf6,
    0x0, 0x0, 0x0, 0x6, 0xff, 0xf4, 0xb5, 0x0,
    0x0, 0x0, 0x0, 0x3b, 0xba,

    /* U+F052 "" */
    0x0, 0x0, 0x0, 0x0, 0x0, 0x37, 0x30, 0x0,
    0x0, 0x0, 0x0, 0x0, 0x0, 0x0, 0x0, 0x0,
    0x5f, 0xff, 0x50, 0x0, 0x0, 0x0, 0x0, 0x0,
    0x0, 0x0, 0x0, 0x4f, 0xff, 0xff, 0x40, 0x0,
    0x0, 0x0, 0x0, 0x0, 0x0, 0x0, 0x3f, 0xff,
    0xff, 0xff, 0x30, 0x0, 0x0, 0x0, 0x0, 0x0,
    0x0, 0x2f, 0xff, 0xff, 0xff, 0xfe, 0x20, 0x0,
    0x0, 0x0, 0x0, 0x0, 0x2e, 0xff, 0xff, 0xff,
    0xff, 0xfe, 0x20, 0x0, 0x0, 0x0, 0x0, 0x1d,
    0xff, 0xff, 0xff, 0xff, 0xff, 0xfd, 0x10, 0x0,
    0x0, 0x0, 0xc, 0xff, 0xff, 0xff, 0xff, 0xff,
    0xff, 0xfc, 0x0, 0x0, 0x0, 0xc, 0xff, 0xff,
    0xff, 0xff, 0xff, 0xff, 0xff, 0xfc, 0x0, 0x0,
    0xb, 0xff, 0xff, 0xff, 0xff, 0xff, 0xff, 0xff,
    0xff, 0xfa, 0x0, 0x8, 0xff, 0xff, 0xff, 0xff,
    0xff, 0xff, 0xff, 0xff, 0xff, 0xf8, 0x0, 0xff,
    0xff, 0xff, 0xff, 0xff, 0xff, 0xff, 0xff, 0xff,
    0xff, 0xf0, 0xd, 0xff, 0xff, 0xff, 0xff, 0xff,
    0xff, 0xff, 0xff, 0xff, 0xfd, 0x0, 0x3d, 0xff,
    0xff, 0xff, 0xff, 0xff, 0xff, 0xff, 0xff, 0xfd,
    0x30, 0x0, 0x0, 0x0, 0x0, 0x0, 0x0, 0x0,
    0x0, 0x0, 0x0, 0x0, 0x0, 0x4, 0x44, 0x44,
    0x44, 0x44, 0x44, 0x44, 0x44, 0x44, 0x44, 0x0,
    0xb, 0xff, 0xff, 0xff, 0xff, 0xff, 0xff, 0xff,
    0xff, 0xff, 0xfb, 0x0, 0xff, 0xff, 0xff, 0xff,
    0xff, 0xff, 0xff, 0xff, 0xff, 0xff, 0xf0, 0xf,
    0xff, 0xff, 0xff, 0xff, 0xff, 0xff, 0xff, 0xff,
    0xff, 0xff, 0x0, 0xff, 0xff, 0xff, 0xff, 0xff,
    0xff, 0xff, 0xff, 0xff, 0xff, 0xf0, 0xe, 0xff,
    0xff, 0xff, 0xff, 0xff, 0xff, 0xff, 0xff, 0xff,
    0xfe, 0x0, 0x4b, 0xbb, 0xbb, 0xbb, 0xbb, 0xbb,
    0xbb, 0xbb, 0xbb, 0xbb, 0x40,

    /* U+F053 "" */
    0x0, 0x0, 0x0, 0x0, 0x0, 0x20, 0x0, 0x0,
    0x0, 0x0, 0x0, 0xaf, 0xb0, 0x0, 0x0, 0x0,
    0x0, 0xaf, 0xff, 0x80, 0x0, 0x0, 0x0, 0xaf,
    0xff, 0xf8, 0x0, 0x0, 0x0, 0xaf, 0xff, 0xfa,
    0x0, 0x0, 0x0, 0xaf, 0xff, 0xfa, 0x0, 0x0,
    0x0, 0xaf, 0xff, 0xfa, 0x0, 0x0, 0x0, 0xaf,
    0xff, 0xfa, 0x0, 0x0, 0x0, 0xaf, 0xff, 0xfa,
    0x0, 0x0, 0x0, 0xaf, 0xff, 0xfa, 0x0, 0x0,
    0x0, 0x8f, 0xff, 0xfa, 0x0, 0x0, 0x0, 0x8,
    0xff, 0xff, 0xa0, 0x0, 0x0, 0x0, 0xa, 0xff,
    0xff, 0xa0, 0x0, 0x0, 0x0, 0xa, 0xff, 0xff,
    0xa0, 0x0, 0x0, 0x0, 0xa, 0xff, 0xff, 0xa0,
    0x0, 0x0, 0x0, 0xa, 0xff, 0xff, 0xa0, 0x0,
    0x0, 0x0, 0xa, 0xff, 0xff, 0xa0, 0x0, 0x0,
    0x0, 0xa, 0xff, 0xff, 0xa0, 0x0, 0x0, 0x0,
    0xa, 0xff, 0xff, 0x80, 0x0, 0x0, 0x0, 0xa,
    0xff, 0xf8, 0x0, 0x0, 0x0, 0x0, 0xa, 0xfb,
    0x0, 0x0, 0x0, 0x0, 0x0, 0x2, 0x0,

    /* U+F054 "" */
    0x0, 0x20, 0x0, 0x0, 0x0, 0x0, 0x0, 0xbf,
    0xa0, 0x0, 0x0, 0x0, 0x0, 0x8f, 0xff, 0xa0,
    0x0, 0x0, 0x0, 0x8, 0xff, 0xff, 0xa0, 0x0,
    0x0, 0x0, 0xa, 0xff, 0xff, 0xa0, 0x0, 0x0,
    0x0, 0xa, 0xff, 0xff, 0xa0, 0x0, 0x0, 0x0,
    0xa, 0xff, 0xff, 0xa0, 0x0, 0x0, 0x0, 0xa,
    0xff, 0xff, 0xa0, 0x0, 0x0, 0x0, 0xa, 0xff,
    0xff, 0xa0, 0x0, 0x0, 0x0, 0xa, 0xff, 0xff,
    0xa0, 0x0, 0x0, 0x0, 0xa, 0xff, 0xff, 0x80,
    0x0, 0x0, 0x0, 0xaf, 0xff, 0xf8, 0x0, 0x0,
    0x0, 0xaf, 0xff, 0xfa, 0x0, 0x0, 0x0, 0xaf,
    0xff, 0xfa, 0x0, 0x0, 0x0, 0xaf, 0xff, 0xfa,
    0x0, 0x0, 0x0, 0xaf, 0xff, 0xfa, 0x0, 0x0,
    0x0, 0xaf, 0xff, 0xfa, 0x0, 0x0, 0x0, 0xaf,
    0xff, 0xfa, 0x0, 0x0, 0x0, 0x8f, 0xff, 0xfa,
    0x0, 0x0, 0x0, 0x8, 0xff, 0xfa, 0x0, 0x0,
    0x0, 0x0, 0xb, 0xfa, 0x0, 0x0, 0x0, 0x0,
    0x0, 0x2, 0x0, 0x0, 0x0, 0x0, 0x0,

    /* U+F067 "" */
    0x0, 0x0, 0x0, 0x0, 0x3, 0x43, 0x0, 0x0,
    0x0, 0x0, 0x0, 0x0, 0x0, 0x0, 0x7, 0xff,
    0xf7, 0x0, 0x0, 0x0, 0x0, 0x0, 0x0, 0x0,
    0x0, 0xbf, 0xff, 0xb0, 0x0, 0x0, 0x0, 0x0,
    0x0, 0x0, 0x0, 0xc, 0xff, 0xfc, 0x0, 0x0,
    0x0, 0x0, 0x0, 0x0, 0x0, 0x0, 0xcf, 0xff,
    0xc0, 0x0, 0x0, 0x0, 0x0, 0x0, 0x0, 0x0,
    0xc, 0xff, 0xfc, 0x0, 0x0, 0x0, 0x0, 0x0,
    0x0, 0x0, 0x0, 0xcf, 0xff, 0xc0, 0x0, 0x0,
    0x0, 0x0, 0x0, 0x0, 0x0, 0xc, 0xff, 0xfc,
    0x0, 0x0, 0x0, 0x0, 0x0, 0x0, 0x0, 0x0,
    0xcf, 0xff, 0xc0, 0x0, 0x0, 0x0, 0x8, 0xff,
    0xff, 0xff, 0xff, 0xff, 0xff, 0xff, 0xff, 0xff,
    0xf8, 0xff, 0xff, 0xff, 0xff, 0xff, 0xff, 0xff,
    0xff, 0xff, 0xff, 0xff, 0xff, 0xff, 0xff, 0xff,
    0xff, 0xff, 0xff, 0xff, 0xff, 0xff, 0xdf, 0xff,
    0xff, 0xff, 0xff, 0xff, 0xff, 0xff, 0xff, 0xff,
    0xd1, 0x77, 0x77, 0x77, 0x7d, 0xff, 0xfd, 0x77,
    0x77, 0x77, 0x71, 0x0, 0x0, 0x0, 0x0, 0xcf,
    0xff, 0xc0, 0x0, 0x0, 0x0, 0x0, 0x0, 0x0,
    0x0, 0xc, 0xff, 0xfc, 0x0, 0x0, 0x0, 0x0,
    0x0, 0x0, 0x0, 0x0, 0xcf, 0xff, 0xc0, 0x0,
    0x0, 0x0, 0x0, 0x0, 0x0, 0x0, 0xc, 0xff,
    0xfc, 0x0, 0x0, 0x0, 0x0, 0x0, 0x0, 0x0,
    0x0, 0xcf, 0xff, 0xc0, 0x0, 0x0, 0x0, 0x0,
    0x0, 0x0, 0x0, 0xc, 0xff, 0xfc, 0x0, 0x0,
    0x0, 0x0, 0x0, 0x0, 0x0, 0x0, 0xaf, 0xff,
    0xa0, 0x0, 0x0, 0x0, 0x0, 0x0, 0x0, 0x0,
    0x2, 0xab, 0xa2, 0x0, 0x0, 0x0, 0x0,

    /* U+F068 "" */
    0x16, 0x77, 0x77, 0x77, 0x77, 0x77, 0x77, 0x77,
    0x77, 0x76, 0x1d, 0xff, 0xff, 0xff, 0xff, 0xff,
    0xff, 0xff, 0xff, 0xff, 0xfd, 0xff, 0xff, 0xff,
    0xff, 0xff, 0xff, 0xff, 0xff, 0xff, 0xff, 0xff,
    0xff, 0xff, 0xff, 0xff, 0xff, 0xff, 0xff, 0xff,
    0xff, 0xff, 0x9f, 0xff, 0xff, 0xff, 0xff, 0xff,
    0xff, 0xff, 0xff, 0xff, 0x80, 0x0, 0x0, 0x0,
    0x0, 0x0, 0x0, 0x0, 0x0, 0x0, 0x0,

    /* U+F06E "" */
    0x0, 0x0, 0x0, 0x0, 0x16, 0xad, 0xef, 0xed,
    0xa6, 0x10, 0x0, 0x0, 0x0, 0x0, 0x0, 0x0,
    0x2, 0xbf, 0xff, 0xff, 0xff, 0xff, 0xff, 0xb2,
    0x0, 0x0, 0x0, 0x0, 0x0, 0x9, 0xff, 0xff,
    0xe9, 0x54, 0x59, 0xef, 0xff, 0xf9, 0x0, 0x0,
    0x0, 0x0, 0x2d, 0xff, 0xff, 0x90, 0x0, 0x0,
    0x0, 0x9f, 0xff, 0xfd, 0x20, 0x0, 0x0, 0x2e,
    0xff, 0xff, 0x70, 0x0, 0x14, 0x20, 0x0, 0x7f,
    0xff, 0xfe, 0x20, 0x0, 0x1e, 0xff, 0xff, 0xb0,
    0x0, 0x6, 0xff, 0xc2, 0x0, 0xbf, 0xff, 0xfe,
    0x10, 0xb, 0xff, 0xff, 0xf3, 0x0, 0x0, 0x5f,
    0xff, 0xe2, 0x3, 0xff, 0xff, 0xfb, 0x6, 0xff,
    0xff, 0xfe, 0x0, 0x0, 0x1c, 0xff, 0xff, 0xa0,
    0xe, 0xff, 0xff, 0xf5, 0xef, 0xff, 0xff, 0xc0,
    0xd, 0xcf, 0xff, 0xff, 0xfe, 0x0, 0xcf, 0xff,
    0xff, 0xee, 0xff, 0xff, 0xfc, 0x0, 0xff, 0xff,
    0xff, 0xff, 0xf0, 0xc, 0xff, 0xff, 0xfe, 0x5f,
    0xff, 0xff, 0xe0, 0xc, 0xff, 0xff, 0xff, 0xfc,
    0x0, 0xef, 0xff, 0xff, 0x50, 0xbf, 0xff, 0xff,
    0x30, 0x4f, 0xff, 0xff, 0xff, 0x50, 0x3f, 0xff,
    0xff, 0xb0, 0x1, 0xdf, 0xff, 0xfb, 0x0, 0x7f,
    0xff, 0xff, 0x80, 0xb, 0xff, 0xff, 0xe1, 0x0,
    0x2, 0xef, 0xff, 0xf7, 0x0, 0x39, 0xb9, 0x30,
    0x7, 0xff, 0xff, 0xe2, 0x0, 0x0, 0x2, 0xcf,
    0xff, 0xf9, 0x0, 0x0, 0x0, 0x9, 0xff, 0xff,
    0xd2, 0x0, 0x0, 0x0, 0x0, 0x9f, 0xff, 0xfe,
    0x95, 0x45, 0x9e, 0xff, 0xff, 0x90, 0x0, 0x0,
    0x0, 0x0, 0x0, 0x2a, 0xff, 0xff, 0xff, 0xff,
    0xff, 0xfb, 0x30, 0x0, 0x0, 0x0, 0x0, 0x0,
    0x0, 0x1, 0x6a, 0xdf, 0xfe, 0xda, 0x71, 0x0,
    0x0, 0x0, 0x0,

    /* U+F070 "" */
    0x5, 0xe6, 0x0, 0x0, 0x0, 0x0, 0x0, 0x0,
    0x0, 0x0, 0x0, 0x0, 0x0, 0x0, 0x0, 0x1,
    0xff, 0xf9, 0x0, 0x0, 0x0, 0x0, 0x0, 0x0,
    0x0, 0x0, 0x0, 0x0, 0x0, 0x0, 0x0, 0xd,
    0xff, 0xfc, 0x20, 0x0, 0x0, 0x0, 0x0, 0x0,
    0x0, 0x0, 0x0, 0x0, 0x0, 0x0, 0x0, 0xa,
    0xff, 0xfe, 0x40, 0x0, 0x48, 0xce, 0xff, 0xeb,
    0x72, 0x0, 0x0, 0x0, 0x0, 0x0, 0x0, 0x6,
    0xff, 0xff, 0x88, 0xef, 0xff, 0xff, 0xff, 0xff,
    0xfc, 0x40, 0x0, 0x0, 0x0, 0x0, 0x0, 0x3,
    0xef, 0xff, 0xff, 0xff, 0xb6, 0x45, 0x7d, 0xff,
    0xff, 0xb1, 0x0, 0x0, 0x0, 0x0, 0x0, 0x1,
    0xbf, 0xff, 0xfd, 0x20, 0x0, 0x0, 0x6, 0xff,
    0xff, 0xe4, 0x0, 0x0, 0x0, 0x0, 0x0, 0x0,
    0x8f, 0xff, 0xf6, 0x1, 0x76, 0x20, 0x4, 0xff,
    0xff, 0xf4, 0x0, 0x0, 0x0, 0x0, 0x10, 0x0,
    0x4e, 0xff, 0xfa, 0x1f, 0xff, 0x90, 0x8, 0xff,
    0xff, 0xf3, 0x0, 0x0, 0x0, 0x6e, 0x40, 0x0,
    0x2c, 0xff, 0xfd, 0xff, 0xff, 0x80, 0xf, 0xff,
    0xff, 0xe1, 0x0, 0x0, 0x2f, 0xff, 0x70, 0x0,
    0x9, 0xff, 0xff, 0xff, 0xff, 0x0, 0xbf, 0xff,
    0xff, 0x90, 0x0, 0x9, 0xff, 0xff, 0xb1, 0x0,
    0x6, 0xff, 0xff, 0xff, 0xf3, 0x9, 0xff, 0xff,
    0xff, 0x10, 0x0, 0x9f, 0xff, 0xff, 0xd1, 0x0,
    0x3, 0xdf, 0xff, 0xff, 0x30, 0x9f, 0xff, 0xff,
    0xf1, 0x0, 0x2, 0xff, 0xff, 0xff, 0x40, 0x0,
    0x1, 0xbf, 0xff, 0xf4, 0xb, 0xff, 0xff, 0xf9,
    0x0, 0x0, 0x7, 0xff, 0xff, 0xf9, 0x0, 0x0,
    0x0, 0x7f, 0xff, 0xf7, 0xff, 0xff, 0xfd, 0x0,
    0x0, 0x0, 0xa, 0xff, 0xff, 0xf1, 0x0, 0x0,
    0x0, 0x4e, 0xff, 0xff, 0xff, 0xff, 0x20, 0x0,
    0x0, 0x0, 0xb, 0xff, 0xff, 0xc0, 0x0, 0x0,
    0x0, 0x1c, 0xff, 0xff, 0xff, 0x40, 0x0, 0x0,
    0x0, 0x0, 0xa, 0xff, 0xff, 0xc2, 0x0, 0x0,
    0x0, 0x9, 0xff, 0xff, 0x80, 0x0, 0x0, 0x0,
    0x0, 0x0, 0x6, 0xff, 0xff, 0xfb, 0x64, 0x51,
    0x0, 0x5, 0xff, 0xff, 0x80, 0x0, 0x0, 0x0,
    0x0, 0x0, 0x1, 0x9f, 0xff, 0xff, 0xff, 0xe3,
    0x0, 0x2, 0xdf, 0xff, 0xc1, 0x0, 0x0, 0x0,
    0x0, 0x0, 0x0, 0x5, 0x9d, 0xef, 0xfe, 0xa1,
    0x0, 0x0, 0xaf, 0xff, 0xe4, 0x0, 0x0, 0x0,
    0x0, 0x0, 0x0, 0x0, 0x0, 0x0, 0x0, 0x0,
    0x0, 0x0, 0x7f, 0xff, 0xf6, 0x0, 0x0, 0x0,
    0x0, 0x0, 0x0, 0x0, 0x0, 0x0, 0x0, 0x0,
    0x0, 0x0, 0x3e, 0xff, 0x80, 0x0, 0x0, 0x0,
    0x0, 0x0, 0x0, 0x0, 0x0, 0x0, 0x0, 0x0,
    0x0, 0x0, 0x1b, 0xc0,

    /* U+F071 "" */
    0x0, 0x0, 0x0, 0x0, 0x0, 0x0, 0x1c, 0xfc,
    0x10, 0x0, 0x0, 0x0, 0x0, 0x0, 0x0, 0x0,
    0x0, 0x0, 0x0, 0x0, 0xa, 0xff, 0xfa, 0x0,
    0x0, 0x0, 0x0, 0x0, 0x0, 0x0, 0x0, 0x0,
    0x0, 0x0, 0x4, 0xff, 0xff, 0xf4, 0x0, 0x0,
    0x0, 0x0, 0x0, 0x0, 0x0, 0x0, 0x0, 0x0,
    0x0, 0xdf, 0xff, 0xff, 0xd0, 0x0, 0x0, 0x0,
    0x0, 0x0, 0x0, 0x0, 0x0, 0x0, 0x0, 0x6f,
    0xff, 0xff, 0xff, 0x60, 0x0, 0x0, 0x0, 0x0,
    0x0, 0x0, 0x0, 0x0, 0x0, 0x1e, 0xff, 0xff,
    0xff, 0xfe, 0x10, 0x0, 0x0, 0x0, 0x0, 0x0,
    0x0, 0x0, 0x0, 0x9, 0xff, 0xff, 0xff, 0xff,
    0xf9, 0x0, 0x0, 0x0, 0x0, 0x0, 0x0, 0x0,
    0x0, 0x2, 0xff, 0xff, 0xff, 0xff, 0xff, 0xf2,
    0x0, 0x0, 0x0, 0x0, 0x0, 0x0, 0x0, 0x0,
    0xbf, 0xff, 0xa4, 0x44, 0xaf, 0xff, 0xb0, 0x0,
    0x0, 0x0, 0x0, 0x0, 0x0, 0x0, 0x4f, 0xff,
    0xf7, 0x0, 0x7, 0xff, 0xff, 0x40, 0x0, 0x0,
    0x0, 0x0, 0x0, 0x0, 0xd, 0xff, 0xff, 0x80,
    0x0, 0x8f, 0xff, 0xfd, 0x0, 0x0, 0x0, 0x0,
    0x0, 0x0, 0x7, 0xff, 0xff, 0xf9, 0x0, 0x9,
    0xff, 0xff, 0xf7, 0x0, 0x0, 0x0, 0x0, 0x0,
    0x1, 0xff, 0xff, 0xff, 0xa0, 0x0, 0xaf, 0xff,
    0xff, 0xf1, 0x0, 0x0, 0x0, 0x0, 0x0, 0x9f,
    0xff, 0xff, 0xfb, 0x0, 0xb, 0xff, 0xff, 0xff,
    0x90, 0x0, 0x0, 0x0, 0x0, 0x3f, 0xff, 0xff,
    0xff, 0xc0, 0x0, 0xcf, 0xff, 0xff, 0xff, 0x30,
    0x0, 0x0, 0x0, 0xc, 0xff, 0xff, 0xff, 0xfd,
    0x0, 0xd, 0xff, 0xff, 0xff, 0xfc, 0x0, 0x0,
    0x0, 0x5, 0xff, 0xff, 0xff, 0xff, 0xff, 0xdf,
    0xff, 0xff, 0xff, 0xff, 0xf5, 0x0, 0x0, 0x0,
    0xef, 0xff, 0xff, 0xff, 0xfd, 0x10, 0x2d, 0xff,
    0xff, 0xff, 0xff, 0xe0, 0x0, 0x0, 0x7f, 0xff,
    0xff, 0xff, 0xff, 0x60, 0x0, 0x6f, 0xff, 0xff,
    0xff, 0xff, 0x70, 0x0, 0x1f, 0xff, 0xff, 0xff,
    0xff, 0xf8, 0x0, 0x8, 0xff, 0xff, 0xff, 0xff,
    0xff, 0x10, 0xa, 0xff, 0xff, 0xff, 0xff, 0xff,
    0xf5, 0x26, 0xff, 0xff, 0xff, 0xff, 0xff, 0xfa,
    0x0, 0xff, 0xff, 0xff, 0xff, 0xff, 0xff, 0xff,
    0xff, 0xff, 0xff, 0xff, 0xff, 0xff, 0xf0, 0xd,
    0xff, 0xff, 0xff, 0xff, 0xff, 0xff, 0xff, 0xff,
    0xff, 0xff, 0xff, 0xff, 0xfd, 0x0, 0x3d, 0xff,
    0xff, 0xff, 0xff, 0xff, 0xff, 0xff, 0xff, 0xff,
    0xff, 0xff, 0xfd, 0x30,

    /* U+F074 "" */
    0x0, 0x0, 0x0, 0x0, 0x0, 0x0, 0x0, 0x0,
    0x0, 0x69, 0x0, 0x0, 0x0, 0x0, 0x0, 0x0,
    0x0, 0x0, 0x0, 0x0, 0x0, 0xff, 0xc0, 0x0,
    0x0, 0x0, 0x0, 0x0, 0x0, 0x0, 0x0, 0x0,
    0x0, 0xff, 0xfc, 0x0, 0x9b, 0xbb, 0xbb, 0x30,
    0x0, 0x0, 0x0, 0x3b, 0xbb, 0xff, 0xff, 0xc0,
    0xff, 0xff, 0xff, 0xf3, 0x0, 0x0, 0x2, 0xef,
    0xff, 0xff, 0xff, 0xfb, 0xff, 0xff, 0xff, 0xfe,
    0x20, 0x0, 0x1e, 0xff, 0xff, 0xff, 0xff, 0xfe,
    0xff, 0xff, 0xff, 0xff, 0xe1, 0x1, 0xdf, 0xff,
    0xff, 0xff, 0xff, 0xe3, 0x0, 0x0, 0x3e, 0xff,
    0xe2, 0xc, 0xff, 0xfe, 0x20, 0xff, 0xfe, 0x30,
    0x0, 0x0, 0x3, 0xff, 0x30, 0xaf, 0xff, 0xf3,
    0x0, 0xff, 0xe3, 0x0, 0x0, 0x0, 0x0, 0x54,
    0x9, 0xff, 0xff, 0x40, 0x0, 0xbe, 0x30, 0x0,
    0x0, 0x0, 0x0, 0x0, 0x7f, 0xff, 0xf6, 0x0,
    0x0, 0x0, 0x0, 0x0, 0x0, 0x0, 0x0, 0x6,
    0xff, 0xff, 0x70, 0x0, 0x0, 0x0, 0x0, 0x0,
    0x0, 0x0, 0x0, 0x4f, 0xff, 0xf9, 0x4, 0x50,
    0x0, 0xbe, 0x30, 0x0, 0x0, 0x0, 0x3, 0xff,
    0xff, 0xa0, 0x3f, 0xf3, 0x0, 0xff, 0xe3, 0x0,
    0x0, 0x0, 0x2e, 0xff, 0xfc, 0x2, 0xef, 0xfe,
    0x30, 0xff, 0xfe, 0x30, 0xff, 0xff, 0xff, 0xff,
    0xd1, 0x1, 0xef, 0xff, 0xff, 0xff, 0xff, 0xe3,
    0xff, 0xff, 0xff, 0xfe, 0x10, 0x0, 0x2e, 0xff,
    0xff, 0xff, 0xff, 0xfe, 0xff, 0xff, 0xff, 0xe2,
    0x0, 0x0, 0x3, 0xff, 0xff, 0xff, 0xff, 0xfb,
    0x9b, 0xbb, 0xbb, 0x30, 0x0, 0x0, 0x0, 0x3b,
    0xbb, 0xff, 0xff, 0xc0, 0x0, 0x0, 0x0, 0x0,
    0x0, 0x0, 0x0, 0x0, 0x0, 0xff, 0xfc, 0x0,
    0x0, 0x0, 0x0, 0x0, 0x0, 0x0, 0x0, 0x0,
    0x0, 0xff, 0xc0, 0x0, 0x0, 0x0, 0x0, 0x0,
    0x0, 0x0, 0x0, 0x0, 0x0, 0x69, 0x0, 0x0,

    /* U+F077 "" */
    0x0, 0x0, 0x0, 0x0, 0x0, 0x20, 0x0, 0x0,
    0x0, 0x0, 0x0, 0x0, 0x0, 0x0, 0x0, 0xaf,
    0x90, 0x0, 0x0, 0x0, 0x0, 0x0, 0x0, 0x0,
    0x0, 0xaf, 0xff, 0x90, 0x0, 0x0, 0x0, 0x0,
    0x0, 0x0, 0x0, 0xaf, 0xff, 0xff, 0x90, 0x0,
    0x0, 0x0, 0x0, 0x0, 0x0, 0xaf, 0xff, 0xff,
    0xff, 0x90, 0x0, 0x0, 0x0, 0x0, 0x0, 0xaf,
    0xff, 0xfd, 0xff, 0xff, 0x90, 0x0, 0x0, 0x0,
    0x0, 0xaf, 0xff, 0xf9, 0xa, 0xff, 0xff, 0x90,
    0x0, 0x0, 0x0, 0xaf, 0xff, 0xf9, 0x0, 0xa,
    0xff, 0xff, 0x90, 0x0, 0x0, 0xaf, 0xff, 0xf9,
    0x0, 0x0, 0xa, 0xff, 0xff, 0x90, 0x0, 0xaf,
    0xff, 0xf9, 0x0, 0x0, 0x0, 0xa, 0xff, 0xff,
    0x90, 0x9f, 0xff, 0xf9, 0x0, 0x0, 0x0, 0x0,
    0xa, 0xff, 0xff, 0x79, 0xff, 0xf9, 0x0, 0x0,
    0x0, 0x0, 0x0, 0xa, 0xff, 0xf8, 0xb, 0xf9,
    0x0, 0x0, 0x0, 0x0, 0x0, 0x0, 0xa, 0xfa,
    0x0, 0x2, 0x0, 0x0, 0x0, 0x0, 0x0, 0x0,
    0x0, 0x2, 0x0,

    /* U+F078 "" */
    0x0, 0x20, 0x0, 0x0, 0x0, 0x0, 0x0, 0x0,
    0x0, 0x20, 0x0, 0xbf, 0x90, 0x0, 0x0, 0x0,
    0x0, 0x0, 0x0, 0xaf, 0xa0, 0x9f, 0xff, 0x90,
    0x0, 0x0, 0x0, 0x0, 0x0, 0xaf, 0xff, 0x89,
    0xff, 0xff, 0x90, 0x0, 0x0, 0x0, 0x0, 0xaf,
    0xff, 0xf7, 0xa, 0xff, 0xff, 0x90, 0x0, 0x0,
    0x0, 0xaf, 0xff, 0xf9, 0x0, 0xa, 0xff, 0xff,
    0x90, 0x0, 0x0, 0xaf, 0xff, 0xf9, 0x0, 0x0,
    0xa, 0xff, 0xff, 0x90, 0x0, 0xaf, 0xff, 0xf9,
    0x0, 0x0, 0x0, 0xa, 0xff, 0xff, 0x90, 0xaf,
    0xff, 0xf9, 0x0, 0x0, 0x0, 0x0, 0xa, 0xff,
    0xff, 0xdf, 0xff, 0xf9, 0x0, 0x0, 0x0, 0x0,
    0x0, 0xa, 0xff, 0xff, 0xff, 0xf9, 0x0, 0x0,
    0x0, 0x0, 0x0, 0x0, 0xa, 0xff, 0xff, 0xf9,
    0x0, 0x0, 0x0, 0x0, 0x0, 0x0, 0x0, 0xa,
    0xff, 0xf9, 0x0, 0x0, 0x0, 0x0, 0x0, 0x0,
    0x0, 0x0, 0xa, 0xf9, 0x0, 0x0, 0x0, 0x0,
    0x0, 0x0, 0x0, 0x0, 0x0, 0x2, 0x0, 0x0,
    0x0, 0x0, 0x0,

    /* U+F079 "" */
    0x0, 0x0, 0x3, 0xd9, 0x0, 0x0, 0x0, 0x0,
    0x0, 0x0, 0x0, 0x0, 0x0, 0x0, 0x0, 0x0,
    0x0, 0x3, 0xef, 0xfa, 0x0, 0x0, 0x34, 0x44,
    0x44, 0x44, 0x44, 0x44, 0x10, 0x0, 0x0, 0x0,
    0x3, 0xef, 0xff, 0xfa, 0x0, 0x7f, 0xff, 0xff,
    0xff, 0xff, 0xff, 0xff, 0x0, 0x0, 0x0, 0x3,
    0xef, 0xff, 0xff, 0xfa, 0x5, 0xff, 0xff, 0xff,
    0xff, 0xff, 0xff, 0xf1, 0x0, 0x0, 0x3, 0xff,
    0xff, 0xff, 0xff, 0xfa, 0x5, 0xbb, 0xbb, 0xbb,
    0xbb, 0xbf, 0xff, 0x10, 0x0, 0x0, 0xef, 0xfe,
    0xdf, 0xfb, 0xff, 0xf8, 0x0, 0x0, 0x0, 0x0,
    0x0, 0xef, 0xf1, 0x0, 0x0, 0xd, 0xfe, 0x2b,
    0xff, 0x48, 0xff, 0x60, 0x0, 0x0, 0x0, 0x0,
    0xe, 0xff, 0x10, 0x0, 0x0, 0x17, 0x20, 0xbf,
    0xf4, 0x5, 0x50, 0x0, 0x0, 0x0, 0x0, 0x0,
    0xef, 0xf1, 0x0, 0x0, 0x0, 0x0, 0xb, 0xff,
    0x40, 0x0, 0x0, 0x0, 0x0, 0x0, 0x0, 0xe,
    0xff, 0x10, 0x0, 0x0, 0x0, 0x0, 0xbf, 0xf4,
    0x0, 0x0, 0x0, 0x0, 0x0, 0x0, 0x0, 0xef,
    0xf1, 0x0, 0x0, 0x0, 0x0, 0xb, 0xff, 0x40,
    0x0, 0x0, 0x0, 0x0, 0x0, 0x0, 0xe, 0xff,
    0x10, 0x0, 0x0, 0x0, 0x0, 0xbf, 0xf4, 0x0,
    0x0, 0x0, 0x0, 0x0, 0xaf, 0x70, 0xef, 0xf1,
    0x4f, 0xc0, 0x0, 0x0, 0xb, 0xff, 0x40, 0x0,
    0x0, 0x0, 0x0, 0x3f, 0xff, 0x6e, 0xff, 0x5f,
    0xff, 0x60, 0x0, 0x0, 0xbf, 0xf7, 0x44, 0x44,
    0x44, 0x44, 0x20, 0xcf, 0xff, 0xff, 0xff, 0xff,
    0xd1, 0x0, 0x0, 0xb, 0xff, 0xff, 0xff, 0xff,
    0xff, 0xff, 0x50, 0xbf, 0xff, 0xff, 0xff, 0xd1,
    0x0, 0x0, 0x0, 0xbf, 0xff, 0xff, 0xff, 0xff,
    0xff, 0xfe, 0x0, 0xbf, 0xff, 0xff, 0xd1, 0x0,
    0x0, 0x0, 0x4, 0xbb, 0xbb, 0xbb, 0xbb, 0xbb,
    0xbb, 0x60, 0x0, 0xbf, 0xff, 0xd1, 0x0, 0x0,
    0x0, 0x0, 0x0, 0x0, 0x0, 0x0, 0x0, 0x0,
    0x0, 0x0, 0x0, 0xbf, 0xd1, 0x0, 0x0, 0x0,
    0x0, 0x0, 0x0, 0x0, 0x0, 0x0, 0x0, 0x0,
    0x0, 0x0, 0x0, 0x40, 0x0, 0x0, 0x0,

    /* U+F07B "" */
    0x3d, 0xff, 0xff, 0xff, 0xff, 0x40, 0x0, 0x0,
    0x0, 0x0, 0x0, 0x0, 0xdf, 0xff, 0xff, 0xff,
    0xff, 0xf4, 0x0, 0x0, 0x0, 0x0, 0x0, 0x0,
    0xff, 0xff, 0xff, 0xff, 0xff, 0xff, 0x40, 0x0,
    0x0, 0x0, 0x0, 0x0, 0xff, 0xff, 0xff, 0xff,
    0xff, 0xff, 0xff, 0xff, 0xff, 0xff, 0xff, 0xd3,
    0xff, 0xff, 0xff, 0xff, 0xff, 0xff, 0xff, 0xff,
    0xff, 0xff, 0xff, 0xfd, 0xff, 0xff, 0xff, 0xff,
    0xff, 0xff, 0xff, 0xff, 0xff, 0xff, 0xff, 0xff,
    0xff, 0xff, 0xff, 0xff, 0xff, 0xff, 0xff, 0xff,
    0xff, 0xff, 0xff, 0xff, 0xff, 0xff, 0xff, 0xff,
    0xff, 0xff, 0xff, 0xff, 0xff, 0xff, 0xff, 0xff,
    0xff, 0xff, 0xff, 0xff, 0xff, 0xff, 0xff, 0xff,
    0xff, 0xff, 0xff, 0xff, 0xff, 0xff, 0xff, 0xff,
    0xff, 0xff, 0xff, 0xff, 0xff, 0xff, 0xff, 0xff,
    0xff, 0xff, 0xff, 0xff, 0xff, 0xff, 0xff, 0xff,
    0xff, 0xff, 0xff, 0xff, 0xff, 0xff, 0xff, 0xff,
    0xff, 0xff, 0xff, 0xff, 0xff, 0xff, 0xff, 0xff,
    0xff, 0xff, 0xff, 0xff, 0xff, 0xff, 0xff, 0xff,
    0xff, 0xff, 0xff, 0xff, 0xff, 0xff, 0xff, 0xff,
    0xff, 0xff, 0xff, 0xff, 0xff, 0xff, 0xff, 0xff,
    0xff, 0xff, 0xff, 0xff, 0xff, 0xff, 0xff, 0xff,
    0xff, 0xff, 0xff, 0xff, 0xff, 0xff, 0xff, 0xff,
    0xff, 0xff, 0xff, 0xff, 0xff, 0xff, 0xff, 0xff,
    0xdf, 0xff, 0xff, 0xff, 0xff, 0xff, 0xff, 0xff,
    0xff, 0xff, 0xff, 0xfd, 0x3d, 0xff, 0xff, 0xff,
    0xff, 0xff, 0xff, 0xff, 0xff, 0xff, 0xff, 0xd3,

    /* U+F093 "" */
    0x0, 0x0, 0x0, 0x0, 0x0, 0xa, 0xa0, 0x0,
    0x0, 0x0, 0x0, 0x0, 0x0, 0x0, 0x0, 0x0,
    0x0, 0xbf, 0xfb, 0x0, 0x0, 0x0, 0x0, 0x0,
    0x0, 0x0, 0x0, 0x0, 0xb, 0xff, 0xff, 0xb0,
    0x0, 0x0, 0x0, 0x0, 0x0, 0x0, 0x0, 0x0,
    0xbf, 0xff, 0xff, 0xfb, 0x0, 0x0, 0x0, 0x0,
    0x0, 0x0, 0x0, 0xb, 0xff, 0xff, 0xff, 0xff,
    0xb0, 0x0, 0x0, 0x0, 0x0, 0x0, 0x0, 0xbf,
    0xff, 0xff, 0xff, 0xff, 0xfb, 0x0, 0x0, 0x0,
    0x0, 0x0, 0xb, 0xff, 0xff, 0xff, 0xff, 0xff,
    0xff, 0xb0, 0x0, 0x0, 0x0, 0x0, 0xbf, 0xff,
    0xff, 0xff, 0xff, 0xff, 0xff, 0xfa, 0x0, 0x0,
    0x0, 0x0, 0xef, 0xff, 0xff, 0xff, 0xff, 0xff,
    0xff, 0xfe, 0x0, 0x0, 0x0, 0x0, 0x2, 0x22,
    0x2f, 0xff, 0xff, 0xf2, 0x22, 0x20, 0x0, 0x0,
    0x0, 0x0, 0x0, 0x0, 0xf, 0xff, 0xff, 0xf0,
    0x0, 0x0, 0x0, 0x0, 0x0, 0x0, 0x0, 0x0,
    0xf, 0xff, 0xff, 0xf0, 0x0, 0x0, 0x0, 0x0,
    0x0, 0x0, 0x0, 0x0, 0xf, 0xff, 0xff, 0xf0,
    0x0, 0x0, 0x0, 0x0, 0x0, 0x0, 0x0, 0x0,
    0xf, 0xff, 0xff, 0xf0, 0x0, 0x0, 0x0, 0x0,
    0x0, 0x0, 0x0, 0x0, 0xf, 0xff, 0xff, 0xf0,
    0x0, 0x0, 0x0, 0x0, 0x0, 0x0, 0x0, 0x0,
    0xf, 0xff, 0xff, 0xf0, 0x0, 0x0, 0x0, 0x0,
    0x25, 0x55, 0x55, 0x52, 0xf, 0xff, 0xff, 0xf0,
    0x25, 0x55, 0x55, 0x52, 0xef, 0xff, 0xff, 0xf9,
    0xc, 0xff, 0xff, 0xc0, 0x9f, 0xff, 0xff, 0xfe,
    0xff, 0xff, 0xff, 0xff, 0x20, 0x1, 0x10, 0x2,
    0xff, 0xff, 0xff, 0xff, 0xff, 0xff, 0xff, 0xff,
    0xf9, 0x88, 0x88, 0x9f, 0xff, 0xff, 0xff, 0xff,
    0xff, 0xff, 0xff, 0xff, 0xff, 0xff, 0xff, 0xff,
    0xff, 0xff, 0xff, 0xff, 0xff, 0xff, 0xff, 0xff,
    0xff, 0xff, 0xff, 0xff, 0x71, 0xe7, 0x1e, 0xff,
    0xff, 0xff, 0xff, 0xff, 0xff, 0xff, 0xff, 0xff,
    0xb6, 0xfb, 0x6f, 0xff, 0xbf, 0xff, 0xff, 0xff,
    0xff, 0xff, 0xff, 0xff, 0xff, 0xff, 0xff, 0xfb,

    /* U+F095 "" */
    0x0, 0x0, 0x0, 0x0, 0x0, 0x0, 0x0, 0x0,
    0x0, 0x0, 0x0, 0x0, 0x0, 0x0, 0x0, 0x0,
    0x0, 0x0, 0x0, 0x0, 0x0, 0xd, 0xea, 0x63,
    0x0, 0x0, 0x0, 0x0, 0x0, 0x0, 0x0, 0x0,
    0x0, 0x6, 0xff, 0xff, 0xff, 0x80, 0x0, 0x0,
    0x0, 0x0, 0x0, 0x0, 0x0, 0x0, 0xdf, 0xff,
    0xff, 0xff, 0x0, 0x0, 0x0, 0x0, 0x0, 0x0,
    0x0, 0x0, 0x4f, 0xff, 0xff, 0xff, 0xf0, 0x0,
    0x0, 0x0, 0x0, 0x0, 0x0, 0x0, 0xa, 0xff,
    0xff, 0xff, 0xfe, 0x0, 0x0, 0x0, 0x0, 0x0,
    0x0, 0x0, 0x1, 0xff, 0xff, 0xff, 0xff, 0xc0,
    0x0, 0x0, 0x0, 0x0, 0x0, 0x0, 0x0, 0x4f,
    0xff, 0xff, 0xff, 0xf9, 0x0, 0x0, 0x0, 0x0,
    0x0, 0x0, 0x0, 0x0, 0x9f, 0xff, 0xff, 0xff,
    0x60, 0x0, 0x0, 0x0, 0x0, 0x0, 0x0, 0x0,
    0x0, 0x6f, 0xff, 0xff, 0xf2, 0x0, 0x0, 0x0,
    0x0, 0x0, 0x0, 0x0, 0x0, 0x0, 0x6f, 0xff,
    0xfc, 0x0, 0x0, 0x0, 0x0, 0x0, 0x0, 0x0,
    0x0, 0x0, 0xa, 0xff, 0xff, 0x60, 0x0, 0x0,
    0x0, 0x0, 0x0, 0x0, 0x0, 0x0, 0x4, 0xff,
    0xff, 0xe0, 0x0, 0x0, 0x0, 0x0, 0x0, 0x0,
    0x0, 0x0, 0x1, 0xdf, 0xff, 0xf7, 0x0, 0x0,
    0x0, 0x0, 0x0, 0x0, 0x0, 0x0, 0x0, 0xbf,
    0xff, 0xfd, 0x0, 0x0, 0x0, 0x0, 0x1, 0x40,
    0x0, 0x0, 0x0, 0xaf, 0xff, 0xff, 0x30, 0x0,
    0x0, 0x0, 0x3a, 0xff, 0xa0, 0x0, 0x1, 0xbf,
    0xff, 0xff, 0x70, 0x0, 0x0, 0x5, 0xcf, 0xff,
    0xff, 0x70, 0x3, 0xdf, 0xff, 0xff, 0xa0, 0x0,
    0x0, 0xd, 0xff, 0xff, 0xff, 0xff, 0x6a, 0xff,
    0xff, 0xff, 0xb0, 0x0, 0x0, 0x0, 0xef, 0xff,
    0xff, 0xff, 0xff, 0xff, 0xff, 0xff, 0xa0, 0x0,
    0x0, 0x0, 0xa, 0xff, 0xff, 0xff, 0xff, 0xff,
    0xff, 0xff, 0x70, 0x0, 0x0, 0x0, 0x0, 0x6f,
    0xff, 0xff, 0xff, 0xff, 0xff, 0xfd, 0x30, 0x0,
    0x0, 0x0, 0x0, 0x3, 0xff, 0xff, 0xff, 0xff,
    0xff, 0xe7, 0x0, 0x0, 0x0, 0x0, 0x0, 0x0,
    0xf, 0xff, 0xff, 0xff, 0xfc, 0x60, 0x0, 0x0,
    0x0, 0x0, 0x0, 0x0, 0x0, 0x8f, 0xfe, 0xc9,
    0x62, 0x0, 0x0, 0x0, 0x0, 0x0, 0x0, 0x0,
    0x0,

    /* U+F0C4 "" */
    0x0, 0x2, 0x42, 0x0, 0x0, 0x0, 0x0, 0x0,
    0x0, 0x0, 0x0, 0x2, 0xcf, 0xff, 0xc2, 0x0,
    0x0, 0x0, 0x0, 0x37, 0x73, 0x0, 0x2e, 0xff,
    0xff, 0xfe, 0x20, 0x0, 0x0, 0x8, 0xff, 0xff,
    0x90, 0xaf, 0xff, 0xcf, 0xff, 0xa0, 0x0, 0x0,
    0x9f, 0xff, 0xff, 0xb0, 0xef, 0xf4, 0x4, 0xff,
    0xe0, 0x0, 0x9, 0xff, 0xff, 0xfb, 0x0, 0xff,
    0xf1, 0x1, 0xff, 0xf0, 0x0, 0x9f, 0xff, 0xff,
    0xb0, 0x0, 0xcf, 0xfb, 0x5b, 0xff, 0xc0, 0x9,
    0xff, 0xff, 0xfb, 0x0, 0x0, 0x5f, 0xff, 0xff,
    0xff, 0xf5, 0x9f, 0xff, 0xff, 0xb0, 0x0, 0x0,
    0x8, 0xff, 0xff, 0xff, 0xff, 0xff, 0xff, 0xfb,
    0x0, 0x0, 0x0, 0x0, 0x39, 0xbe, 0xff, 0xff,
    0xff, 0xff, 0xb0, 0x0, 0x0, 0x0, 0x0, 0x0,
    0x2, 0xef, 0xff, 0xff, 0xfb, 0x0, 0x0, 0x0,
    0x0, 0x0, 0x0, 0x0, 0xaf, 0xff, 0xff, 0xf5,
    0x0, 0x0, 0x0, 0x0, 0x0, 0x2, 0x49, 0xff,
    0xff, 0xff, 0xff, 0x50, 0x0, 0x0, 0x0, 0x2,
    0xcf, 0xff, 0xff, 0xff, 0xff, 0xff, 0xf5, 0x0,
    0x0, 0x0, 0x2e, 0xff, 0xff, 0xff, 0xfb, 0xef,
    0xff, 0xff, 0x50, 0x0, 0x0, 0xaf, 0xff, 0xcf,
    0xff, 0xd0, 0x2e, 0xff, 0xff, 0xf5, 0x0, 0x0,
    0xef, 0xf4, 0x4, 0xff, 0xe0, 0x2, 0xef, 0xff,
    0xff, 0x50, 0x0, 0xff, 0xf1, 0x1, 0xff, 0xf0,
    0x0, 0x2e, 0xff, 0xff, 0xf5, 0x0, 0xcf, 0xfb,
    0x5b, 0xff, 0xc0, 0x0, 0x2, 0xef, 0xff, 0xff,
    0x50, 0x5f, 0xff, 0xff, 0xff, 0x50, 0x0, 0x0,
    0x2e, 0xff, 0xff, 0xd0, 0x8, 0xff, 0xff, 0xf8,
    0x0, 0x0, 0x0, 0x1, 0xae, 0xea, 0x20, 0x0,
    0x39, 0xb9, 0x30, 0x0, 0x0, 0x0, 0x0, 0x0,
    0x0, 0x0,

    /* U+F0C5 "" */
    0x0, 0x0, 0x0, 0xbf, 0xff, 0xff, 0xff, 0xf0,
    0x7a, 0x0, 0x0, 0x0, 0x0, 0xf, 0xff, 0xff,
    0xff, 0xff, 0x8, 0xfb, 0x0, 0x0, 0x0, 0x0,
    0xff, 0xff, 0xff, 0xff, 0xf0, 0x8f, 0xfb, 0x0,
    0x0, 0x0, 0xf, 0xff, 0xff, 0xff, 0xff, 0x8,
    0xff, 0xfa, 0x47, 0x88, 0x40, 0xff, 0xff, 0xff,
    0xff, 0xf0, 0x48, 0x88, 0x7f, 0xff, 0xf8, 0xf,
    0xff, 0xff, 0xff, 0xff, 0x40, 0x0, 0x0, 0xff,
    0xff, 0x80, 0xff, 0xff, 0xff, 0xff, 0xff, 0xff,
    0xff, 0xff, 0xff, 0xf8, 0xf, 0xff, 0xff, 0xff,
    0xff, 0xff, 0xff, 0xff, 0xff, 0xff, 0x80, 0xff,
    0xff, 0xff, 0xff, 0xff, 0xff, 0xff, 0xff, 0xff,
    0xf8, 0xf, 0xff, 0xff, 0xff, 0xff, 0xff, 0xff,
    0xff, 0xff, 0xff, 0x80, 0xff, 0xff, 0xff, 0xff,
    0xff, 0xff, 0xff, 0xff, 0xff, 0xf8, 0xf, 0xff,
    0xff, 0xff, 0xff, 0xff, 0xff, 0xff, 0xff, 0xff,
    0x80, 0xff, 0xff, 0xff, 0xff, 0xff, 0xff, 0xff,
    0xff, 0xff, 0xf8, 0xf, 0xff, 0xff, 0xff, 0xff,
    0xff, 0xff, 0xff, 0xff, 0xff, 0x80, 0xff, 0xff,
    0xff, 0xff, 0xff, 0xff, 0xff, 0xff, 0xff, 0xf8,
    0xf, 0xff, 0xff, 0xff, 0xff, 0xff, 0xff, 0xff,
    0xff, 0xff, 0x80, 0xff, 0xff, 0xff, 0xff, 0xff,
    0xff, 0xff, 0xff, 0xff, 0xf8, 0xf, 0xff, 0xff,
    0xff, 0xff, 0xff, 0xff, 0xff, 0xff, 0xff, 0x80,
    0xff, 0xff, 0xff, 0xff, 0xff, 0xff, 0xff, 0xff,
    0xff, 0xfc, 0x4, 0x78, 0x88, 0x88, 0x88, 0x88,
    0x88, 0x74, 0xff, 0xff, 0xfa, 0x10, 0x0, 0x0,
    0x0, 0x0, 0x0, 0x0, 0xf, 0xff, 0xff, 0xff,
    0xff, 0xff, 0xff, 0xff, 0x0, 0x0, 0x0, 0xff,
    0xff, 0xff, 0xff, 0xff, 0xff, 0xff, 0xf0, 0x0,
    0x0, 0xb, 0xff, 0xff, 0xff, 0xff, 0xff, 0xff,
    0xfb, 0x0, 0x0, 0x0,

    /* U+F0C7 "" */
    0x1, 0x44, 0x44, 0x44, 0x44, 0x44, 0x44, 0x42,
    0x0, 0x0, 0x6, 0xff, 0xff, 0xff, 0xff, 0xff,
    0xff, 0xff, 0xf8, 0x0, 0x0, 0xef, 0xff, 0xff,
    0xff, 0xff, 0xff, 0xff, 0xff, 0xf8, 0x0, 0xf,
    0xff, 0xcb, 0xbb, 0xbb, 0xbb, 0xbb, 0xbd, 0xff,
    0xf8, 0x0, 0xff, 0xf0, 0x0, 0x0, 0x0, 0x0,
    0x0, 0xf, 0xff, 0xf8, 0xf, 0xff, 0x0, 0x0,
    0x0, 0x0, 0x0, 0x0, 0xff, 0xff, 0xf7, 0xff,
    0xf0, 0x0, 0x0, 0x0, 0x0, 0x0, 0xf, 0xff,
    0xff, 0xef, 0xff, 0x0, 0x0, 0x0, 0x0, 0x0,
    0x0, 0xff, 0xff, 0xff, 0xff, 0xf0, 0x0, 0x0,
    0x0, 0x0, 0x0, 0xf, 0xff, 0xff, 0xff, 0xff,
    0x54, 0x44, 0x44, 0x44, 0x44, 0x45, 0xff, 0xff,
    0xff, 0xff, 0xff, 0xff, 0xff, 0xff, 0xff, 0xff,
    0xff, 0xff, 0xff, 0xff, 0xff, 0xff, 0xff, 0xff,
    0xff, 0xff, 0xff, 0xff, 0xff, 0xff, 0xff, 0xff,
    0xff, 0xff, 0xfe, 0xce, 0xff, 0xff, 0xff, 0xff,
    0xff, 0xff, 0xff, 0xff, 0xf8, 0x0, 0x8, 0xff,
    0xff, 0xff, 0xff, 0xff, 0xff, 0xff, 0xfc, 0x0,
    0x0, 0xc, 0xff, 0xff, 0xff, 0xff, 0xff, 0xff,
    0xff, 0x80, 0x0, 0x0, 0x8f, 0xff, 0xff, 0xff,
    0xff, 0xff, 0xff, 0xfa, 0x0, 0x0, 0xa, 0xff,
    0xff, 0xff, 0xff, 0xff, 0xff, 0xff, 0xf2, 0x0,
    0x2, 0xff, 0xff, 0xff, 0xff, 0xff, 0xff, 0xff,
    0xff, 0xf7, 0x57, 0xff, 0xff, 0xff, 0xff, 0xff,
    0xff, 0xff, 0xff, 0xff, 0xff, 0xff, 0xff, 0xff,
    0xff, 0xff, 0xbf, 0xff, 0xff, 0xff, 0xff, 0xff,
    0xff, 0xff, 0xff, 0xff, 0xb1, 0x8b, 0xbb, 0xbb,
    0xbb, 0xbb, 0xbb, 0xbb, 0xbb, 0xbb, 0x81,

    /* U+F0C9 "" */
    0x13, 0x33, 0x33, 0x33, 0x33, 0x33, 0x33, 0x33,
    0x33, 0x33, 0x1f, 0xff, 0xff, 0xff, 0xff, 0xff,
    0xff, 0xff, 0xff, 0xff, 0xfe, 0xff, 0xff, 0xff,
    0xff, 0xff, 0xff, 0xff, 0xff, 0xff, 0xff, 0xff,
    0xff, 0xff, 0xff, 0xff, 0xff, 0xff, 0xff, 0xff,
    0xff, 0xfe, 0x13, 0x33, 0x33, 0x33, 0x33, 0x33,
    0x33, 0x33, 0x33, 0x33, 0x10, 0x0, 0x0, 0x0,
    0x0, 0x0, 0x0, 0x0, 0x0, 0x0, 0x0, 0x0,
    0x0, 0x0, 0x0, 0x0, 0x0, 0x0, 0x0, 0x0,
    0x0, 0x0, 0x0, 0x0, 0x0, 0x0, 0x0, 0x0,
    0x0, 0x0, 0x0, 0x0, 0x57, 0x77, 0x77, 0x77,
    0x77, 0x77, 0x77, 0x77, 0x77, 0x77, 0x5f, 0xff,
    0xff, 0xff, 0xff, 0xff, 0xff, 0xff, 0xff, 0xff,
    0xff, 0xff, 0xff, 0xff, 0xff, 0xff, 0xff, 0xff,
    0xff, 0xff, 0xff, 0xfc, 0xee, 0xee, 0xee, 0xee,
    0xee, 0xee, 0xee, 0xee, 0xee, 0xeb, 0x0, 0x0,
    0x0, 0x0, 0x0, 0x0, 0x0, 0x0, 0x0, 0x0,
    0x0, 0x0, 0x0, 0x0, 0x0, 0x0, 0x0, 0x0,
    0x0, 0x0, 0x0, 0x0, 0x0, 0x0, 0x0, 0x0,
    0x0, 0x0, 0x0, 0x0, 0x0, 0x1, 0x33, 0x33,
    0x33, 0x33, 0x33, 0x33, 0x33, 0x33, 0x33, 0x31,
    0xff, 0xff, 0xff, 0xff, 0xff, 0xff, 0xff, 0xff,
    0xff, 0xff, 0xef, 0xff, 0xff, 0xff, 0xff, 0xff,
    0xff, 0xff, 0xff, 0xff, 0xff, 0xff, 0xff, 0xff,
    0xff, 0xff, 0xff, 0xff, 0xff, 0xff, 0xff, 0xe1,
    0x33, 0x33, 0x33, 0x33, 0x33, 0x33, 0x33, 0x33,
    0x33, 0x31,

    /* U+F0E0 "" */
    0x3d, 0xff, 0xff, 0xff, 0xff, 0xff, 0xff, 0xff,
    0xff, 0xff, 0xff, 0xd3, 0xdf, 0xff, 0xff, 0xff,
    0xff, 0xff, 0xff, 0xff, 0xff, 0xff, 0xff, 0xfd,
    0xff, 0xff, 0xff, 0xff, 0xff, 0xff, 0xff, 0xff,
    0xff, 0xff, 0xff, 0xff, 0xef, 0xff, 0xff, 0xff,
    0xff, 0xff, 0xff, 0xff, 0xff, 0xff, 0xff, 0xfe,
    0x2d, 0xff, 0xff, 0xff, 0xff, 0xff, 0xff, 0xff,
    0xff, 0xff, 0xff, 0xd2, 0x0, 0x9f, 0xff, 0xff,
    0xff, 0xff, 0xff, 0xff, 0xff, 0xff, 0xf9, 0x0,
    0xe4, 0x5, 0xff, 0xff, 0xff, 0xff, 0xff, 0xff,
    0xff, 0xff, 0x50, 0x4e, 0xff, 0x80, 0x2c, 0xff,
    0xff, 0xff, 0xff, 0xff, 0xff, 0xc2, 0x8, 0xff,
    0xff, 0xfc, 0x20, 0x8f, 0xff, 0xff, 0xff, 0xff,
    0xf9, 0x1, 0xcf, 0xff, 0xff, 0xff, 0xf5, 0x4,
    0xef, 0xff, 0xff, 0xfe, 0x40, 0x5e, 0xff, 0xff,
    0xff, 0xff, 0xff, 0x90, 0x1c, 0xff, 0xff, 0xb1,
    0x9, 0xff, 0xff, 0xff, 0xff, 0xff, 0xff, 0xfd,
    0x20, 0x6d, 0xd6, 0x2, 0xdf, 0xff, 0xff, 0xff,
    0xff, 0xff, 0xff, 0xff, 0xf6, 0x0, 0x0, 0x6f,
    0xff, 0xff, 0xff, 0xff, 0xff, 0xff, 0xff, 0xff,
    0xff, 0xd9, 0x9d, 0xff, 0xff, 0xff, 0xff, 0xff,
    0xff, 0xff, 0xff, 0xff, 0xff, 0xff, 0xff, 0xff,
    0xff, 0xff, 0xff, 0xff, 0xff, 0xff, 0xff, 0xff,
    0xff, 0xff, 0xff, 0xff, 0xff, 0xff, 0xff, 0xff,
    0xdf, 0xff, 0xff, 0xff, 0xff, 0xff, 0xff, 0xff,
    0xff, 0xff, 0xff, 0xfd, 0x3d, 0xff, 0xff, 0xff,
    0xff, 0xff, 0xff, 0xff, 0xff, 0xff, 0xff, 0xd3,

    /* U+F0E7 "" */
    0x0, 0x4f, 0xff, 0xff, 0xff, 0xf3, 0x0, 0x0,
    0x0, 0x9, 0xff, 0xff, 0xff, 0xff, 0x60, 0x0,
    0x0, 0x0, 0xbf, 0xff, 0xff, 0xff, 0xf1, 0x0,
    0x0, 0x0, 0xd, 0xff, 0xff, 0xff, 0xfc, 0x0,
    0x0, 0x0, 0x0, 0xff, 0xff, 0xff, 0xff, 0x70,
    0x0, 0x0, 0x0, 0x1f, 0xff, 0xff, 0xff, 0xf2,
    0x0, 0x0, 0x0, 0x3, 0xff, 0xff, 0xff, 0xfc,
    0x0, 0x0, 0x0, 0x0, 0x5f, 0xff, 0xff, 0xff,
    0xc8, 0x88, 0x87, 0x30, 0x8, 0xff, 0xff, 0xff,
    0xff, 0xff, 0xff, 0xff, 0x0, 0xaf, 0xff, 0xff,
    0xff, 0xff, 0xff, 0xff, 0xa0, 0xc, 0xff, 0xff,
    0xff, 0xff, 0xff, 0xff, 0xf2, 0x0, 0xef, 0xff,
    0xff, 0xff, 0xff, 0xff, 0xf8, 0x0, 0xf, 0xff,
    0xff, 0xff, 0xff, 0xff, 0xfe, 0x0, 0x0, 0x37,
    0x88, 0x88, 0xaf, 0xff, 0xff, 0x50, 0x0, 0x0,
    0x0, 0x0, 0x8, 0xff, 0xff, 0xc0, 0x0, 0x0,
    0x0, 0x0, 0x0, 0xcf, 0xff, 0xf3, 0x0, 0x0,
    0x0, 0x0, 0x0, 0xf, 0xff, 0xfa, 0x0, 0x0,
    0x0, 0x0, 0x0, 0x3, 0xff, 0xff, 0x10, 0x0,
    0x0, 0x0, 0x0, 0x0, 0x7f, 0xff, 0x70, 0x0,
    0x0, 0x0, 0x0, 0x0, 0xb, 0xff, 0xd0, 0x0,
    0x0, 0x0, 0x0, 0x0, 0x0, 0xff, 0xf4, 0x0,
    0x0, 0x0, 0x0, 0x0, 0x0, 0x3f, 0xfb, 0x0,
    0x0, 0x0, 0x0, 0x0, 0x0, 0x6, 0xff, 0x20,
    0x0, 0x0, 0x0, 0x0, 0x0, 0x0, 0x4f, 0x70,
    0x0, 0x0, 0x0, 0x0,

    /* U+F0EA "" */
    0x0, 0x0, 0x3, 0xdf, 0xd3, 0x0, 0x0, 0x0,
    0x0, 0x0, 0x4, 0x78, 0x88, 0xff, 0xef, 0xf8,
    0x88, 0x74, 0x0, 0x0, 0x0, 0xff, 0xff, 0xff,
    0x90, 0x9f, 0xff, 0xff, 0xf0, 0x0, 0x0, 0xf,
    0xff, 0xff, 0xf9, 0x9, 0xff, 0xff, 0xff, 0x0,
    0x0, 0x0, 0xff, 0xff, 0xff, 0xfe, 0xff, 0xff,
    0xff, 0xf0, 0x0, 0x0, 0xf, 0xff, 0xff, 0xff,
    0xff, 0xff, 0xff, 0xff, 0x0, 0x0, 0x0, 0xff,
    0xff, 0xff, 0xe5, 0x0, 0x0, 0x0, 0x0, 0x0,
    0x0, 0xf, 0xff, 0xff, 0xf4, 0x7, 0x88, 0x88,
    0x88, 0x3, 0x30, 0x0, 0xff, 0xff, 0xff, 0x7,
    0xff, 0xff, 0xff, 0xf0, 0x8f, 0x40, 0xf, 0xff,
    0xff, 0xf0, 0x8f, 0xff, 0xff, 0xff, 0x8, 0xff,
    0x40, 0xff, 0xff, 0xff, 0x8, 0xff, 0xff, 0xff,
    0xf0, 0x8f, 0xff, 0x4f, 0xff, 0xff, 0xf0, 0x8f,
    0xff, 0xff, 0xff, 0x8, 0xff, 0xfe, 0xff, 0xff,
    0xff, 0x8, 0xff, 0xff, 0xff, 0xf0, 0x0, 0x0,
    0xf, 0xff, 0xff, 0xf0, 0x8f, 0xff, 0xff, 0xff,
    0xb8, 0x88, 0x88, 0xff, 0xff, 0xff, 0x8, 0xff,
    0xff, 0xff, 0xff, 0xff, 0xff, 0xff, 0xff, 0xff,
    0xf0, 0x8f, 0xff, 0xff, 0xff, 0xff, 0xff, 0xff,
    0xff, 0xff, 0xff, 0x8, 0xff, 0xff, 0xff, 0xff,
    0xff, 0xff, 0xff, 0xff, 0xff, 0xf0, 0x8f, 0xff,
    0xff, 0xff, 0xff, 0xff, 0xff, 0xff, 0xff, 0xff,
    0x8, 0xff, 0xff, 0xff, 0xff, 0xff, 0xff, 0xf4,
    0x78, 0x88, 0x80, 0x8f, 0xff, 0xff, 0xff, 0xff,
    0xff, 0xff, 0x0, 0x0, 0x0, 0x8, 0xff, 0xff,
    0xff, 0xff, 0xff, 0xff, 0xf0, 0x0, 0x0, 0x0,
    0x8f, 0xff, 0xff, 0xff, 0xff, 0xff, 0xff, 0x0,
    0x0, 0x0, 0x7, 0xff, 0xff, 0xff, 0xff, 0xff,
    0xff, 0xf0, 0x0, 0x0, 0x0, 0x4f, 0xff, 0xff,
    0xff, 0xff, 0xff, 0xfb,

    /* U+F0F3 "" */
    0x0, 0x0, 0x0, 0x0, 0x8, 0xf8, 0x0, 0x0,
    0x0, 0x0, 0x0, 0x0, 0x0, 0x0, 0x0, 0xff,
    0xf0, 0x0, 0x0, 0x0, 0x0, 0x0, 0x0, 0x0,
    0x1, 0x6f, 0xff, 0x51, 0x0, 0x0, 0x0, 0x0,
    0x0, 0x0, 0x8, 0xff, 0xff, 0xff, 0xf8, 0x0,
    0x0, 0x0, 0x0, 0x0, 0xc, 0xff, 0xff, 0xff,
    0xff, 0xfb, 0x0, 0x0, 0x0, 0x0, 0xa, 0xff,
    0xff, 0xff, 0xff, 0xff, 0xf9, 0x0, 0x0, 0x0,
    0x4, 0xff, 0xff, 0xff, 0xff, 0xff, 0xff, 0xf3,
    0x0, 0x0, 0x0, 0xaf, 0xff, 0xff, 0xff, 0xff,
    0xff, 0xff, 0x90, 0x0, 0x0, 0xe, 0xff, 0xff,
    0xff, 0xff, 0xff, 0xff, 0xfd, 0x0, 0x0, 0x0,
    0xff, 0xff, 0xff, 0xff, 0xff, 0xff, 0xff, 0xf0,
    0x0, 0x0, 0xf, 0xff, 0xff, 0xff, 0xff, 0xff,
    0xff, 0xff, 0x0, 0x0, 0x1, 0xff, 0xff, 0xff,
    0xff, 0xff, 0xff, 0xff, 0xf1, 0x0, 0x0, 0x4f,
    0xff, 0xff, 0xff, 0xff, 0xff, 0xff, 0xff, 0x40,
    0x0, 0x8, 0xff, 0xff, 0xff, 0xff, 0xff, 0xff,
    0xff, 0xf8, 0x0, 0x0, 0xdf, 0xff, 0xff, 0xff,
    0xff, 0xff, 0xff, 0xff, 0xd0, 0x0, 0x5f, 0xff,
    0xff, 0xff, 0xff, 0xff, 0xff, 0xff, 0xff, 0x50,
    0x3f, 0xff, 0xff, 0xff, 0xff, 0xff, 0xff, 0xff,
    0xff, 0xff, 0x3d, 0xff, 0xff, 0xff, 0xff, 0xff,
    0xff, 0xff, 0xff, 0xff, 0xfd, 0xdf, 0xff, 0xff,
    0xff, 0xff, 0xff, 0xff, 0xff, 0xff, 0xff, 0xd2,
    0x78, 0x88, 0x88, 0x88, 0x88, 0x88, 0x88, 0x88,
    0x88, 0x72, 0x0, 0x0, 0x0, 0x0, 0x0, 0x0,
    0x0, 0x0, 0x0, 0x0, 0x0, 0x0, 0x0, 0x0,
    0x6f, 0xff, 0xff, 0x60, 0x0, 0x0, 0x0, 0x0,
    0x0, 0x0, 0x1, 0xff, 0xff, 0xe1, 0x0, 0x0,
    0x0, 0x0, 0x0, 0x0, 0x0, 0x3, 0xcf, 0xc3,
    0x0, 0x0, 0x0, 0x0,

    /* U+F11C "" */
    0x3d, 0xff, 0xff, 0xff, 0xff, 0xff, 0xff, 0xff,
    0xff, 0xff, 0xff, 0xff, 0xfd, 0x3d, 0xff, 0xff,
    0xff, 0xff, 0xff, 0xff, 0xff, 0xff, 0xff, 0xff,
    0xff, 0xff, 0xfd, 0xff, 0xff, 0xff, 0xff, 0xff,
    0xff, 0xff, 0xff, 0xff, 0xff, 0xff, 0xff, 0xff,
    0xff, 0xff, 0x10, 0x1f, 0x90, 0x9, 0xf1, 0x1,
    0xf9, 0x0, 0x9f, 0x10, 0x1f, 0xff, 0xff, 0xf0,
    0x0, 0xf8, 0x0, 0x8f, 0x0, 0xf, 0x80, 0x8,
    0xf0, 0x0, 0xff, 0xff, 0xff, 0x10, 0x1f, 0x90,
    0x9, 0xf1, 0x1, 0xf9, 0x0, 0x9f, 0x10, 0x1f,
    0xff, 0xff, 0xff, 0xff, 0xff, 0xff, 0xff, 0xff,
    0xff, 0xff, 0xff, 0xff, 0xff, 0xff, 0xff, 0xff,
    0xff, 0xb8, 0x8f, 0xe8, 0x8b, 0xfb, 0x88, 0xfe,
    0x88, 0xbf, 0xff, 0xff, 0xff, 0xff, 0xf4, 0x0,
    0xcc, 0x0, 0x4f, 0x40, 0xc, 0xc0, 0x4, 0xff,
    0xff, 0xff, 0xff, 0xff, 0x40, 0xc, 0xc0, 0x4,
    0xf4, 0x0, 0xcc, 0x0, 0x4f, 0xff, 0xff, 0xff,
    0xff, 0xfb, 0x88, 0xfe, 0x88, 0xbf, 0xb8, 0x8f,
    0xe8, 0x8b, 0xff, 0xff, 0xff, 0xff, 0xff, 0xff,
    0xff, 0xff, 0xff, 0xff, 0xff, 0xff, 0xff, 0xff,
    0xff, 0xff, 0xff, 0xf1, 0x1, 0xf9, 0x0, 0x0,
    0x0, 0x0, 0x0, 0x9, 0xf1, 0x1, 0xff, 0xff,
    0xff, 0x0, 0xf, 0x80, 0x0, 0x0, 0x0, 0x0,
    0x0, 0x8f, 0x0, 0xf, 0xff, 0xff, 0xf1, 0x1,
    0xf9, 0x0, 0x0, 0x0, 0x0, 0x0, 0x9, 0xf1,
    0x1, 0xff, 0xff, 0xff, 0xff, 0xff, 0xff, 0xff,
    0xff, 0xff, 0xff, 0xff, 0xff, 0xff, 0xff, 0xff,
    0xdf, 0xff, 0xff, 0xff, 0xff, 0xff, 0xff, 0xff,
    0xff, 0xff, 0xff, 0xff, 0xff, 0xd3, 0xdf, 0xff,
    0xff, 0xff, 0xff, 0xff, 0xff, 0xff, 0xff, 0xff,
    0xff, 0xff, 0xd3,

    /* U+F124 "" */
    0x0, 0x0, 0x0, 0x0, 0x0, 0x0, 0x0, 0x0,
    0x0, 0x0, 0x0, 0x0, 0x0, 0x0, 0x0, 0x0,
    0x0, 0x0, 0x0, 0x0, 0x0, 0x0, 0x0, 0x3a,
    0xfc, 0x20, 0x0, 0x0, 0x0, 0x0, 0x0, 0x0,
    0x0, 0x0, 0x0, 0x4b, 0xff, 0xff, 0xc0, 0x0,
    0x0, 0x0, 0x0, 0x0, 0x0, 0x0, 0x0, 0x5c,
    0xff, 0xff, 0xff, 0xf0, 0x0, 0x0, 0x0, 0x0,
    0x0, 0x0, 0x0, 0x6e, 0xff, 0xff, 0xff, 0xff,
    0xa0, 0x0, 0x0, 0x0, 0x0, 0x0, 0x1, 0x8e,
    0xff, 0xff, 0xff, 0xff, 0xff, 0x30, 0x0, 0x0,
    0x0, 0x0, 0x2, 0x9f, 0xff, 0xff, 0xff, 0xff,
    0xff, 0xfb, 0x0, 0x0, 0x0, 0x0, 0x3, 0xaf,
    0xff, 0xff, 0xff, 0xff, 0xff, 0xff, 0xf4, 0x0,
    0x0, 0x0, 0x4, 0xcf, 0xff, 0xff, 0xff, 0xff,
    0xff, 0xff, 0xff, 0xc0, 0x0, 0x0, 0x6, 0xdf,
    0xff, 0xff, 0xff, 0xff, 0xff, 0xff, 0xff, 0xff,
    0x50, 0x0, 0x3, 0xef, 0xff, 0xff, 0xff, 0xff,
    0xff, 0xff, 0xff, 0xff, 0xfe, 0x0, 0x0, 0xd,
    0xff, 0xff, 0xff, 0xff, 0xff, 0xff, 0xff, 0xff,
    0xff, 0xf6, 0x0, 0x0, 0xf, 0xff, 0xff, 0xff,
    0xff, 0xff, 0xff, 0xff, 0xff, 0xff, 0xe0, 0x0,
    0x0, 0x9, 0xff, 0xff, 0xff, 0xff, 0xff, 0xff,
    0xff, 0xff, 0xff, 0x80, 0x0, 0x0, 0x0, 0x57,
    0x88, 0x88, 0x88, 0x8c, 0xff, 0xff, 0xff, 0xff,
    0x10, 0x0, 0x0, 0x0, 0x0, 0x0, 0x0, 0x0,
    0x8, 0xff, 0xff, 0xff, 0xf9, 0x0, 0x0, 0x0,
    0x0, 0x0, 0x0, 0x0, 0x0, 0x8, 0xff, 0xff,
    0xff, 0xf2, 0x0, 0x0, 0x0, 0x0, 0x0, 0x0,
    0x0, 0x0, 0x8, 0xff, 0xff, 0xff, 0xa0, 0x0,
    0x0, 0x0, 0x0, 0x0, 0x0, 0x0, 0x0, 0x8,
    0xff, 0xff, 0xff, 0x30, 0x0, 0x0, 0x0, 0x0,
    0x0, 0x0, 0x0, 0x0, 0x8, 0xff, 0xff, 0xfc,
    0x0, 0x0, 0x0, 0x0, 0x0, 0x0, 0x0, 0x0,
    0x0, 0x8, 0xff, 0xff, 0xf4, 0x0, 0x0, 0x0,
    0x0, 0x0, 0x0, 0x0, 0x0, 0x0, 0x8, 0xff,
    0xff, 0xd0, 0x0, 0x0, 0x0, 0x0, 0x0, 0x0,
    0x0, 0x0, 0x0, 0x7, 0xff, 0xff, 0x60, 0x0,
    0x0, 0x0, 0x0, 0x0, 0x0, 0x0, 0x0, 0x0,
    0x5, 0xff, 0xfe, 0x0, 0x0, 0x0, 0x0, 0x0,
    0x0, 0x0, 0x0, 0x0, 0x0, 0x0, 0x9f, 0xd3,
    0x0, 0x0, 0x0, 0x0, 0x0, 0x0, 0x0, 0x0,
    0x0, 0x0, 0x0, 0x0, 0x0, 0x0, 0x0, 0x0,
    0x0, 0x0,

    /* U+F15B "" */
    0xbf, 0xff, 0xff, 0xff, 0xff, 0x80, 0xe4, 0x0,
    0x0, 0xff, 0xff, 0xff, 0xff, 0xff, 0x80, 0xff,
    0x40, 0x0, 0xff, 0xff, 0xff, 0xff, 0xff, 0x80,
    0xff, 0xf4, 0x0, 0xff, 0xff, 0xff, 0xff, 0xff,
    0x80, 0xff, 0xff, 0x40, 0xff, 0xff, 0xff, 0xff,
    0xff, 0x80, 0xff, 0xff, 0xf4, 0xff, 0xff, 0xff,
    0xff, 0xff, 0x80, 0xff, 0xff, 0xfe, 0xff, 0xff,
    0xff, 0xff, 0xff, 0x80, 0x0, 0x0, 0x0, 0xff,
    0xff, 0xff, 0xff, 0xff, 0xf8, 0x88, 0x88, 0x88,
    0xff, 0xff, 0xff, 0xff, 0xff, 0xff, 0xff, 0xff,
    0xff, 0xff, 0xff, 0xff, 0xff, 0xff, 0xff, 0xff,
    0xff, 0xff, 0xff, 0xff, 0xff, 0xff, 0xff, 0xff,
    0xff, 0xff, 0xff, 0xff, 0xff, 0xff, 0xff, 0xff,
    0xff, 0xff, 0xff, 0xff, 0xff, 0xff, 0xff, 0xff,
    0xff, 0xff, 0xff, 0xff, 0xff, 0xff, 0xff, 0xff,
    0xff, 0xff, 0xff, 0xff, 0xff, 0xff, 0xff, 0xff,
    0xff, 0xff, 0xff, 0xff, 0xff, 0xff, 0xff, 0xff,
    0xff, 0xff, 0xff, 0xff, 0xff, 0xff, 0xff, 0xff,
    0xff, 0xff, 0xff, 0xff, 0xff, 0xff, 0xff, 0xff,
    0xff, 0xff, 0xff, 0xff, 0xff, 0xff, 0xff, 0xff,
    0xff, 0xff, 0xff, 0xff, 0xff, 0xff, 0xff, 0xff,
    0xff, 0xff, 0xff, 0xff, 0xff, 0xff, 0xff, 0xff,
    0xff, 0xff, 0xff, 0xff, 0xff, 0xff, 0xff, 0xff,
    0xff, 0xff, 0xff, 0xff, 0xff, 0xff, 0xff, 0xff,
    0xff, 0xff, 0xff, 0xff, 0xff, 0xff, 0xff, 0xff,
    0xff, 0xff, 0xff, 0xff, 0xff, 0xff, 0xff, 0xbf,
    0xff, 0xff, 0xff, 0xff, 0xff, 0xff, 0xff, 0xfb,

    /* U+F1EB "" */
    0x0, 0x0, 0x0, 0x0, 0x0, 0x0, 0x0, 0x0,
    0x0, 0x0, 0x0, 0x0, 0x0, 0x0, 0x0, 0x0,
    0x0, 0x0, 0x0, 0x0, 0x3, 0x56, 0x77, 0x65,
    0x30, 0x0, 0x0, 0x0, 0x0, 0x0, 0x0, 0x0,
    0x0, 0x2, 0x7c, 0xff, 0xff, 0xff, 0xff, 0xff,
    0xc7, 0x20, 0x0, 0x0, 0x0, 0x0, 0x0, 0x5,
    0xcf, 0xff, 0xff, 0xff, 0xff, 0xff, 0xff, 0xff,
    0xfc, 0x50, 0x0, 0x0, 0x0, 0x3, 0xdf, 0xff,
    0xff, 0xff, 0xff, 0xff, 0xff, 0xff, 0xff, 0xff,
    0xfd, 0x30, 0x0, 0x0, 0x8f, 0xff, 0xff, 0xff,
    0xc9, 0x65, 0x44, 0x56, 0x9c, 0xff, 0xff, 0xff,
    0xf8, 0x0, 0x1c, 0xff, 0xff, 0xfd, 0x61, 0x0,
    0x0, 0x0, 0x0, 0x0, 0x16, 0xdf, 0xff, 0xff,
    0xc1, 0xdf, 0xff, 0xfe, 0x50, 0x0, 0x0, 0x0,
    0x0, 0x0, 0x0, 0x0, 0x5, 0xef, 0xff, 0xfd,
    0x9f, 0xff, 0x90, 0x0, 0x0, 0x0, 0x0, 0x0,
    0x0, 0x0, 0x0, 0x0, 0x9, 0xff, 0xf9, 0x9,
    0xf6, 0x0, 0x0, 0x0, 0x48, 0xcd, 0xff, 0xdc,
    0x84, 0x0, 0x0, 0x0, 0x6f, 0x90, 0x0, 0x10,
    0x0, 0x0, 0x6e, 0xff, 0xff, 0xff, 0xff, 0xff,
    0xe6, 0x0, 0x0, 0x1, 0x0, 0x0, 0x0, 0x0,
    0x3d, 0xff, 0xff, 0xff, 0xff, 0xff, 0xff, 0xff,
    0xd3, 0x0, 0x0, 0x0, 0x0, 0x0, 0x5, 0xff,
    0xff, 0xff, 0xfe, 0xcc, 0xef, 0xff, 0xff, 0xff,
    0x50, 0x0, 0x0, 0x0, 0x0, 0x8, 0xff, 0xff,
    0xc5, 0x10, 0x0, 0x1, 0x5c, 0xff, 0xff, 0x80,
    0x0, 0x0, 0x0, 0x0, 0x0, 0xaf, 0xe4, 0x0,
    0x0, 0x0, 0x0, 0x0, 0x4e, 0xfa, 0x0, 0x0,
    0x0, 0x0, 0x0, 0x0, 0x6, 0x10, 0x0, 0x0,
    0x0, 0x0, 0x0, 0x1, 0x60, 0x0, 0x0, 0x0,
    0x0, 0x0, 0x0, 0x0, 0x0, 0x0, 0x0, 0x32,
    0x0, 0x0, 0x0, 0x0, 0x0, 0x0, 0x0, 0x0,
    0x0, 0x0, 0x0, 0x0, 0x0, 0x1d, 0xff, 0xc1,
    0x0, 0x0, 0x0, 0x0, 0x0, 0x0, 0x0, 0x0,
    0x0, 0x0, 0x0, 0x0, 0xbf, 0xff, 0xfb, 0x0,
    0x0, 0x0, 0x0, 0x0, 0x0, 0x0, 0x0, 0x0,
    0x0, 0x0, 0x0, 0xff, 0xff, 0xff, 0x0, 0x0,
    0x0, 0x0, 0x0, 0x0, 0x0, 0x0, 0x0, 0x0,
    0x0, 0x0, 0xdf, 0xff, 0xfd, 0x0, 0x0, 0x0,
    0x0, 0x0, 0x0, 0x0, 0x0, 0x0, 0x0, 0x0,
    0x0, 0x5f, 0xff, 0xf5, 0x0, 0x0, 0x0, 0x0,
    0x0, 0x0, 0x0, 0x0, 0x0, 0x0, 0x0, 0x0,
    0x4, 0xaa, 0x40, 0x0, 0x0, 0x0, 0x0, 0x0,
    0x0,

    /* U+F240 "" */
    0x1, 0x44, 0x44, 0x44, 0x44, 0x44, 0x44, 0x44,
    0x44, 0x44, 0x44, 0x44, 0x44, 0x30, 0x0, 0x6f,
    0xff, 0xff, 0xff, 0xff, 0xff, 0xff, 0xff, 0xff,
    0xff, 0xff, 0xff, 0xff, 0xfd, 0x0, 0xef, 0xff,
    0xff, 0xff, 0xff, 0xff, 0xff, 0xff, 0xff, 0xff,
    0xff, 0xff, 0xff, 0xff, 0x60, 0xff, 0xfb, 0xbb,
    0xbb, 0xbb, 0xbb, 0xbb, 0xbb, 0xbb, 0xbb, 0xbb,
    0xbb, 0xbd, 0xff, 0xa1, 0xff, 0xf0, 0x0, 0x0,
    0x0, 0x0, 0x0, 0x0, 0x0, 0x0, 0x0, 0x0,
    0x8, 0xff, 0xfe, 0xff, 0xf0, 0x8f, 0xff, 0xff,
    0xff, 0xff, 0xff, 0xff, 0xff, 0xff, 0xff, 0x8,
    0xff, 0xff, 0xff, 0xf0, 0x8f, 0xff, 0xff, 0xff,
    0xff, 0xff, 0xff, 0xff, 0xff, 0xff, 0x5, 0xbf,
    0xff, 0xff, 0xf0, 0x8f, 0xff, 0xff, 0xff, 0xff,
    0xff, 0xff, 0xff, 0xff, 0xff, 0x0, 0xf, 0xff,
    0xff, 0xf0, 0x8f, 0xff, 0xff, 0xff, 0xff, 0xff,
    0xff, 0xff, 0xff, 0xff, 0x0, 0xf, 0xff, 0xff,
    0xf0, 0x8f, 0xff, 0xff, 0xff, 0xff, 0xff, 0xff,
    0xff, 0xff, 0xff, 0x2, 0x4f, 0xff, 0xff, 0xf0,
    0x8f, 0xff, 0xff, 0xff, 0xff, 0xff, 0xff, 0xff,
    0xff, 0xff, 0x8, 0xff, 0xff, 0xff, 0xf0, 0x0,
    0x0, 0x0, 0x0, 0x0, 0x0, 0x0, 0x0, 0x0,
    0x0, 0x8, 0xff, 0xff, 0xff, 0xf4, 0x44, 0x44,
    0x44, 0x44, 0x44, 0x44, 0x44, 0x44, 0x44, 0x44,
    0x4a, 0xff, 0xd7, 0xff, 0xff, 0xff, 0xff, 0xff,
    0xff, 0xff, 0xff, 0xff, 0xff, 0xff, 0xff, 0xff,
    0xff, 0x70, 0xbf, 0xff, 0xff, 0xff, 0xff, 0xff,
    0xff, 0xff, 0xff, 0xff, 0xff, 0xff, 0xff, 0xff,
    0x30, 0x18, 0xbb, 0xbb, 0xbb, 0xbb, 0xbb, 0xbb,
    0xbb, 0xbb, 0xbb, 0xbb, 0xbb, 0xbb, 0xa4, 0x0,

    /* U+F241 "" */
    0x1, 0x44, 0x44, 0x44, 0x44, 0x44, 0x44, 0x44,
    0x44, 0x44, 0x44, 0x44, 0x44, 0x30, 0x0, 0x6f,
    0xff, 0xff, 0xff, 0xff, 0xff, 0xff, 0xff, 0xff,
    0xff, 0xff, 0xff, 0xff, 0xfd, 0x0, 0xef, 0xff,
    0xff, 0xff, 0xff, 0xff, 0xff, 0xff, 0xff, 0xff,
    0xff, 0xff, 0xff, 0xff, 0x60, 0xff, 0xfb, 0xbb,
    0xbb, 0xbb, 0xbb, 0xbb, 0xbb, 0xbb, 0xbb, 0xbb,
    0xbb, 0xbd, 0xff, 0xa1, 0xff, 0xf0, 0x0, 0x0,
    0x0, 0x0, 0x0, 0x0, 0x0, 0x0, 0x0, 0x0,
    0x8, 0xff, 0xfe, 0xff, 0xf0, 0xbf, 0xff, 0xff,
    0xff, 0xff, 0xff, 0xff, 0xf4, 0x0, 0x0, 0x8,
    0xff, 0xff, 0xff, 0xf0, 0xbf, 0xff, 0xff, 0xff,
    0xff, 0xff, 0xff, 0xf4, 0x0, 0x0, 0x5, 0xbf,
    0xff, 0xff, 0xf0, 0xbf, 0xff, 0xff, 0xff, 0xff,
    0xff, 0xff, 0xf4, 0x0, 0x0, 0x0, 0xf, 0xff,
    0xff, 0xf0, 0xbf, 0xff, 0xff, 0xff, 0xff, 0xff,
    0xff, 0xf4, 0x0, 0x0, 0x0, 0xf, 0xff, 0xff,
    0xf0, 0xbf, 0xff, 0xff, 0xff, 0xff, 0xff, 0xff,
    0xf4, 0x0, 0x0, 0x2, 0x4f, 0xff, 0xff, 0xf0,
    0xbf, 0xff, 0xff, 0xff, 0xff, 0xff, 0xff, 0xf4,
    0x0, 0x0, 0x8, 0xff, 0xff, 0xff, 0xf0, 0x0,
    0x0, 0x0, 0x0, 0x0, 0x0, 0x0, 0x0, 0x0,
    0x0, 0x8, 0xff, 0xff, 0xff, 0xf4, 0x44, 0x44,
    0x44, 0x44, 0x44, 0x44, 0x44, 0x44, 0x44, 0x44,
    0x4a, 0xff, 0xd7, 0xff, 0xff, 0xff, 0xff, 0xff,
    0xff, 0xff, 0xff, 0xff, 0xff, 0xff, 0xff, 0xff,
    0xff, 0x70, 0xbf, 0xff, 0xff, 0xff, 0xff, 0xff,
    0xff, 0xff, 0xff, 0xff, 0xff, 0xff, 0xff, 0xff,
    0x30, 0x18, 0xbb, 0xbb, 0xbb, 0xbb, 0xbb, 0xbb,
    0xbb, 0xbb, 0xbb, 0xbb, 0xbb, 0xbb, 0xa4, 0x0,

    /* U+F242 "" */
    0x1, 0x44, 0x44, 0x44, 0x44, 0x44, 0x44, 0x44,
    0x44, 0x44, 0x44, 0x44, 0x44, 0x30, 0x0, 0x6f,
    0xff, 0xff, 0xff, 0xff, 0xff, 0xff, 0xff, 0xff,
    0xff, 0xff, 0xff, 0xff, 0xfd, 0x0, 0xef, 0xff,
    0xff, 0xff, 0xff, 0xff, 0xff, 0xff, 0xff, 0xff,
    0xff, 0xff, 0xff, 0xff, 0x60, 0xff, 0xfb, 0xbb,
    0xbb, 0xbb, 0xbb, 0xbb, 0xbb, 0xbb, 0xbb, 0xbb,
    0xbb, 0xbd, 0xff, 0xa1, 0xff, 0xf0, 0x0, 0x0,
    0x0, 0x0, 0x0, 0x0, 0x0, 0x0, 0x0, 0x0,
    0x8, 0xff, 0xfe, 0xff, 0xf0, 0x8f, 0xff, 0xff,
    0xff, 0xff, 0xf0, 0x0, 0x0, 0x0, 0x0, 0x8,
    0xff, 0xff, 0xff, 0xf0, 0x8f, 0xff, 0xff, 0xff,
    0xff, 0xf0, 0x0, 0x0, 0x0, 0x0, 0x5, 0xbf,
    0xff, 0xff, 0xf0, 0x8f, 0xff, 0xff, 0xff, 0xff,
    0xf0, 0x0, 0x0, 0x0, 0x0, 0x0, 0xf, 0xff,
    0xff, 0xf0, 0x8f, 0xff, 0xff, 0xff, 0xff, 0xf0,
    0x0, 0x0, 0x0, 0x0, 0x0, 0xf, 0xff, 0xff,
    0xf0, 0x8f, 0xff, 0xff, 0xff, 0xff, 0xf0, 0x0,
    0x0, 0x0, 0x0, 0x2, 0x4f, 0xff, 0xff, 0xf0,
    0x8f, 0xff, 0xff, 0xff, 0xff, 0xf0, 0x0, 0x0,
    0x0, 0x0, 0x8, 0xff, 0xff, 0xff, 0xf0, 0x0,
    0x0, 0x0, 0x0, 0x0, 0x0, 0x0, 0x0, 0x0,
    0x0, 0x8, 0xff, 0xff, 0xff, 0xf4, 0x44, 0x44,
    0x44, 0x44, 0x44, 0x44, 0x44, 0x44, 0x44, 0x44,
    0x4a, 0xff, 0xd7, 0xff, 0xff, 0xff, 0xff, 0xff,
    0xff, 0xff, 0xff, 0xff, 0xff, 0xff, 0xff, 0xff,
    0xff, 0x70, 0xbf, 0xff, 0xff, 0xff, 0xff, 0xff,
    0xff, 0xff, 0xff, 0xff, 0xff, 0xff, 0xff, 0xff,
    0x30, 0x18, 0xbb, 0xbb, 0xbb, 0xbb, 0xbb, 0xbb,
    0xbb, 0xbb, 0xbb, 0xbb, 0xbb, 0xbb, 0xa4, 0x0,

    /* U+F243 "" */
    0x1, 0x44, 0x44, 0x44, 0x44, 0x44, 0x44, 0x44,
    0x44, 0x44, 0x44, 0x44, 0x44, 0x30, 0x0, 0x6f,
    0xff, 0xff, 0xff, 0xff, 0xff, 0xff, 0xff, 0xff,
    0xff, 0xff, 0xff, 0xff, 0xfd, 0x0, 0xef, 0xff,
    0xff, 0xff, 0xff, 0xff, 0xff, 0xff, 0xff, 0xff,
    0xff, 0xff, 0xff, 0xff, 0x60, 0xff, 0xfb, 0xbb,
    0xbb, 0xbb, 0xbb, 0xbb, 0xbb, 0xbb, 0xbb, 0xbb,
    0xbb, 0xbd, 0xff, 0xa1, 0xff, 0xf0, 0x0, 0x0,
    0x0, 0x0, 0x0, 0x0, 0x0, 0x0, 0x0, 0x0,
    0x8, 0xff, 0xfe, 0xff, 0xf0, 0xbf, 0xff, 0xff,
    0x40, 0x0, 0x0, 0x0, 0x0, 0x0, 0x0, 0x8,
    0xff, 0xff, 0xff, 0xf0, 0xbf, 0xff, 0xff, 0x40,
    0x0, 0x0, 0x0, 0x0, 0x0, 0x0, 0x5, 0xbf,
    0xff, 0xff, 0xf0, 0xbf, 0xff, 0xff, 0x40, 0x0,
    0x0, 0x0, 0x0, 0x0, 0x0, 0x0, 0xf, 0xff,
    0xff, 0xf0, 0xbf, 0xff, 0xff, 0x40, 0x0, 0x0,
    0x0, 0x0, 0x0, 0x0, 0x0, 0xf, 0xff, 0xff,
    0xf0, 0xbf, 0xff, 0xff, 0x40, 0x0, 0x0, 0x0,
    0x0, 0x0, 0x0, 0x2, 0x4f, 0xff, 0xff, 0xf0,
    0xbf, 0xff, 0xff, 0x40, 0x0, 0x0, 0x0, 0x0,
    0x0, 0x0, 0x8, 0xff, 0xff, 0xff, 0xf0, 0x0,
    0x0, 0x0, 0x0, 0x0, 0x0, 0x0, 0x0, 0x0,
    0x0, 0x8, 0xff, 0xff, 0xff, 0xf4, 0x44, 0x44,
    0x44, 0x44, 0x44, 0x44, 0x44, 0x44, 0x44, 0x44,
    0x4a, 0xff, 0xd7, 0xff, 0xff, 0xff, 0xff, 0xff,
    0xff, 0xff, 0xff, 0xff, 0xff, 0xff, 0xff, 0xff,
    0xff, 0x70, 0xbf, 0xff, 0xff, 0xff, 0xff, 0xff,
    0xff, 0xff, 0xff, 0xff, 0xff, 0xff, 0xff, 0xff,
    0x30, 0x18, 0xbb, 0xbb, 0xbb, 0xbb, 0xbb, 0xbb,
    0xbb, 0xbb, 0xbb, 0xbb, 0xbb, 0xbb, 0xa4, 0x0,

    /* U+F244 "" */
    0x1, 0x44, 0x44, 0x44, 0x44, 0x44, 0x44, 0x44,
    0x44, 0x44, 0x44, 0x44, 0x44, 0x30, 0x0, 0x6f,
    0xff, 0xff, 0xff, 0xff, 0xff, 0xff, 0xff, 0xff,
    0xff, 0xff, 0xff, 0xff, 0xfd, 0x0, 0xef, 0xff,
    0xff, 0xff, 0xff, 0xff, 0xff, 0xff, 0xff, 0xff,
    0xff, 0xff, 0xff, 0xff, 0x60, 0xff, 0xfb, 0xbb,
    0xbb, 0xbb, 0xbb, 0xbb, 0xbb, 0xbb, 0xbb, 0xbb,
    0xbb, 0xbd, 0xff, 0xa1, 0xff, 0xf0, 0x0, 0x0,
    0x0, 0x0, 0x0, 0x0, 0x0, 0x0, 0x0, 0x0,
    0x8, 0xff, 0xfe, 0xff, 0xf0, 0x0, 0x0, 0x0,
    0x0, 0x0, 0x0, 0x0, 0x0, 0x0, 0x0, 0x8,
    0xff, 0xff, 0xff, 0xf0, 0x0, 0x0, 0x0, 0x0,
    0x0, 0x0, 0x0, 0x0, 0x0, 0x0, 0x5, 0xbf,
    0xff, 0xff, 0xf0, 0x0, 0x0, 0x0, 0x0, 0x0,
    0x0, 0x0, 0x0, 0x0, 0x0, 0x0, 0xf, 0xff,
    0xff, 0xf0, 0x0, 0x0, 0x0, 0x0, 0x0, 0x0,
    0x0, 0x0, 0x0, 0x0, 0x0, 0xf, 0xff, 0xff,
    0xf0, 0x0, 0x0, 0x0, 0x0, 0x0, 0x0, 0x0,
    0x0, 0x0, 0x0, 0x2, 0x4f, 0xff, 0xff, 0xf0,
    0x0, 0x0, 0x0, 0x0, 0x0, 0x0, 0x0, 0x0,
    0x0, 0x0, 0x8, 0xff, 0xff, 0xff, 0xf0, 0x0,
    0x0, 0x0, 0x0, 0x0, 0x0, 0x0, 0x0, 0x0,
    0x0, 0x8, 0xff, 0xff, 0xff, 0xf4, 0x44, 0x44,
    0x44, 0x44, 0x44, 0x44, 0x44, 0x44, 0x44, 0x44,
    0x4a, 0xff, 0xd7, 0xff, 0xff, 0xff, 0xff, 0xff,
    0xff, 0xff, 0xff, 0xff, 0xff, 0xff, 0xff, 0xff,
    0xff, 0x70, 0xbf, 0xff, 0xff, 0xff, 0xff, 0xff,
    0xff, 0xff, 0xff, 0xff, 0xff, 0xff, 0xff, 0xff,
    0x30, 0x18, 0xbb, 0xbb, 0xbb, 0xbb, 0xbb, 0xbb,
    0xbb, 0xbb, 0xbb, 0xbb, 0xbb, 0xbb, 0xa4, 0x0,

    /* U+F287 "" */
    0x0, 0x0, 0x0, 0x0, 0x0, 0x0, 0x0, 0x0,
    0x1, 0x0, 0x0, 0x0, 0x0, 0x0, 0x0, 0x0,
    0x0, 0x0, 0x0, 0x0, 0x0, 0x0, 0x0, 0x2d,
    0xfe, 0x30, 0x0, 0x0, 0x0, 0x0, 0x0, 0x0,
    0x0, 0x0, 0x0, 0x0, 0x0, 0x27, 0x7d, 0xff,
    0xfd, 0x0, 0x0, 0x0, 0x0, 0x0, 0x0, 0x0,
    0x0, 0x0, 0x0, 0x0, 0x4f, 0xff, 0xff, 0xff,
    0xf0, 0x0, 0x0, 0x0, 0x0, 0x0, 0x0, 0x0,
    0x0, 0x0, 0x0, 0xe, 0xf5, 0x3a, 0xff, 0xfb,
    0x0, 0x0, 0x0, 0x0, 0x0, 0x0, 0x0, 0x0,
    0x0, 0x0, 0x7, 0xf6, 0x0, 0x9, 0xda, 0x0,
    0x0, 0x0, 0x0, 0x0, 0x0, 0x0, 0x2, 0x0,
    0x0, 0x0, 0xed, 0x0, 0x0, 0x0, 0x0, 0x0,
    0x0, 0x0, 0x0, 0x0, 0x0, 0x9f, 0xfe, 0x50,
    0x0, 0x6f, 0x60, 0x0, 0x0, 0x0, 0x0, 0x0,
    0x0, 0xa4, 0x0, 0x0, 0x8f, 0xff, 0xff, 0x30,
    0x1e, 0xe0, 0x0, 0x0, 0x0, 0x0, 0x0, 0x0,
    0xf, 0xfa, 0x10, 0xe, 0xff, 0xff, 0xfd, 0xbe,
    0xfe, 0xbb, 0xbb, 0xbb, 0xbb, 0xbb, 0xbb, 0xbb,
    0xff, 0xff, 0x60, 0xef, 0xff, 0xff, 0xff, 0xff,
    0xff, 0xff, 0xff, 0xff, 0xff, 0xff, 0xff, 0xff,
    0xff, 0xfb, 0xa, 0xff, 0xff, 0xf5, 0x0, 0x0,
    0x1c, 0xf2, 0x0, 0x0, 0x0, 0x0, 0x0, 0xff,
    0xd4, 0x0, 0x1c, 0xff, 0xf9, 0x0, 0x0, 0x0,
    0x2f, 0xa0, 0x0, 0x0, 0x0, 0x0, 0xe, 0x70,
    0x0, 0x0, 0x4, 0x63, 0x0, 0x0, 0x0, 0x0,
    0xbf, 0x20, 0x0, 0x0, 0x0, 0x0, 0x0, 0x0,
    0x0, 0x0, 0x0, 0x0, 0x0, 0x0, 0x0, 0x3,
    0xfb, 0x0, 0x8f, 0xff, 0xf5, 0x0, 0x0, 0x0,
    0x0, 0x0, 0x0, 0x0, 0x0, 0x0, 0x0, 0xa,
    0xf8, 0x4b, 0xff, 0xff, 0x60, 0x0, 0x0, 0x0,
    0x0, 0x0, 0x0, 0x0, 0x0, 0x0, 0x0, 0xb,
    0xff, 0xff, 0xff, 0xf6, 0x0, 0x0, 0x0, 0x0,
    0x0, 0x0, 0x0, 0x0, 0x0, 0x0, 0x0, 0x3,
    0x5c, 0xff, 0xff, 0x60, 0x0, 0x0, 0x0, 0x0,
    0x0, 0x0, 0x0, 0x0, 0x0, 0x0, 0x0, 0x0,
    0x9f, 0xff, 0xf5, 0x0, 0x0, 0x0, 0x0, 0x0,
    0x0, 0x0, 0x0, 0x0, 0x0, 0x0, 0x0, 0x0,
    0x11, 0x10, 0x0, 0x0, 0x0, 0x0,

    /* U+F293 "" */
    0x0, 0x0, 0x2, 0x8c, 0xef, 0xfe, 0xa6, 0x0,
    0x0, 0x0, 0x0, 0x9, 0xff, 0xff, 0xff, 0xff,
    0xfe, 0x30, 0x0, 0x0, 0xc, 0xff, 0xff, 0xf4,
    0xff, 0xff, 0xff, 0x40, 0x0, 0xa, 0xff, 0xff,
    0xff, 0x5, 0xff, 0xff, 0xfe, 0x10, 0x2, 0xff,
    0xff, 0xff, 0xf0, 0x5, 0xff, 0xff, 0xf8, 0x0,
    0x9f, 0xff, 0xff, 0xff, 0x0, 0x6, 0xff, 0xff,
    0xe0, 0xe, 0xff, 0xfc, 0xff, 0xf0, 0x16, 0x7,
    0xff, 0xff, 0x21, 0xff, 0xf8, 0x9, 0xff, 0x1,
    0xf6, 0x7, 0xff, 0xf5, 0x4f, 0xff, 0xd1, 0x9,
    0xf0, 0x1f, 0x70, 0x6f, 0xff, 0x86, 0xff, 0xff,
    0xd1, 0x7, 0x1, 0x70, 0x5f, 0xff, 0xf9, 0x7f,
    0xff, 0xff, 0xd1, 0x0, 0x0, 0x3f, 0xff, 0xff,
    0xa7, 0xff, 0xff, 0xff, 0xc1, 0x0, 0x2e, 0xff,
    0xff, 0xfb, 0x7f, 0xff, 0xff, 0xff, 0x30, 0x5,
    0xff, 0xff, 0xff, 0xb7, 0xff, 0xff, 0xff, 0x40,
    0x0, 0x6, 0xff, 0xff, 0xfa, 0x6f, 0xff, 0xff,
    0x40, 0x30, 0x3, 0x7, 0xff, 0xff, 0xa4, 0xff,
    0xff, 0x40, 0x4e, 0x1, 0xe2, 0x8, 0xff, 0xf8,
    0x2f, 0xff, 0x70, 0x4f, 0xf0, 0x1f, 0x90, 0x2f,
    0xff, 0x60, 0xef, 0xff, 0x7f, 0xff, 0x1, 0xb0,
    0x2e, 0xff, 0xf3, 0xa, 0xff, 0xff, 0xff, 0xf0,
    0x0, 0x2e, 0xff, 0xff, 0x0, 0x4f, 0xff, 0xff,
    0xff, 0x0, 0x2e, 0xff, 0xff, 0x90, 0x0, 0xbf,
    0xff, 0xff, 0xf0, 0x2e, 0xff, 0xff, 0xf2, 0x0,
    0x1, 0xdf, 0xff, 0xff, 0x3e, 0xff, 0xff, 0xf7,
    0x0, 0x0, 0x0, 0xaf, 0xff, 0xff, 0xff, 0xff,
    0xf7, 0x0, 0x0, 0x0, 0x0, 0x28, 0xce, 0xff,
    0xec, 0x82, 0x0, 0x0,

    /* U+F2ED "" */
    0x0, 0x0, 0x0, 0x1a, 0xcc, 0xcc, 0xca, 0x10,
    0x0, 0x0, 0x2, 0x44, 0x44, 0x49, 0xff, 0xff,
    0xff, 0xf9, 0x44, 0x44, 0x42, 0xff, 0xff, 0xff,
    0xff, 0xff, 0xff, 0xff, 0xff, 0xff, 0xff, 0xff,
    0xff, 0xff, 0xff, 0xff, 0xff, 0xff, 0xff, 0xff,
    0xff, 0xff, 0x9b, 0xbb, 0xbb, 0xbb, 0xbb, 0xbb,
    0xbb, 0xbb, 0xbb, 0xbb, 0x80, 0x0, 0x0, 0x0,
    0x0, 0x0, 0x0, 0x0, 0x0, 0x0, 0x0, 0x8,
    0xff, 0xff, 0xff, 0xff, 0xff, 0xff, 0xff, 0xff,
    0xf8, 0x0, 0x8f, 0xff, 0xff, 0xff, 0xff, 0xff,
    0xff, 0xff, 0xff, 0x80, 0x8, 0xff, 0xff, 0xff,
    0xff, 0xff, 0xff, 0xff, 0xff, 0xf8, 0x0, 0x8f,
    0xff, 0x66, 0xff, 0xd1, 0xdf, 0xf6, 0x6f, 0xff,
    0x80, 0x8, 0xff, 0xf4, 0x4f, 0xfc, 0xc, 0xff,
    0x44, 0xff, 0xf8, 0x0, 0x8f, 0xff, 0x44, 0xff,
    0xc0, 0xcf, 0xf4, 0x4f, 0xff, 0x80, 0x8, 0xff,
    0xf4, 0x4f, 0xfc, 0xc, 0xff, 0x44, 0xff, 0xf8,
    0x0, 0x8f, 0xff, 0x44, 0xff, 0xc0, 0xcf, 0xf4,
    0x4f, 0xff, 0x80, 0x8, 0xff, 0xf4, 0x4f, 0xfc,
    0xc, 0xff, 0x44, 0xff, 0xf8, 0x0, 0x8f, 0xff,
    0x44, 0xff, 0xc0, 0xcf, 0xf4, 0x4f, 0xff, 0x80,
    0x8, 0xff, 0xf4, 0x4f, 0xfc, 0xc, 0xff, 0x44,
    0xff, 0xf8, 0x0, 0x8f, 0xff, 0x44, 0xff, 0xc0,
    0xcf, 0xf4, 0x4f, 0xff, 0x80, 0x8, 0xff, 0xf4,
    0x4f, 0xfc, 0xc, 0xff, 0x44, 0xff, 0xf8, 0x0,
    0x8f, 0xff, 0x44, 0xff, 0xc0, 0xcf, 0xf4, 0x4f,
    0xff, 0x80, 0x8, 0xff, 0xf6, 0x6f, 0xfd, 0x1d,
    0xff, 0x66, 0xff, 0xf8, 0x0, 0x7f, 0xff, 0xff,
    0xff, 0xff, 0xff, 0xff, 0xff, 0xff, 0x70, 0x5,
    0xff, 0xff, 0xff, 0xff, 0xff, 0xff, 0xff, 0xff,
    0xf5, 0x0, 0x9, 0xff, 0xff, 0xff, 0xff, 0xff,
    0xff, 0xff, 0xf9, 0x0,

    /* U+F304 "" */
    0x0, 0x0, 0x0, 0x0, 0x0, 0x0, 0x0, 0x0,
    0x0, 0x6e, 0xe5, 0x0, 0x0, 0x0, 0x0, 0x0,
    0x0, 0x0, 0x0, 0x0, 0x0, 0x8f, 0xff, 0xf6,
    0x0, 0x0, 0x0, 0x0, 0x0, 0x0, 0x0, 0x0,
    0x0, 0x8f, 0xff, 0xff, 0xf6, 0x0, 0x0, 0x0,
    0x0, 0x0, 0x0, 0x0, 0x0, 0x1f, 0xff, 0xff,
    0xff, 0xf5, 0x0, 0x0, 0x0, 0x0, 0x0, 0x0,
    0x0, 0x50, 0x3f, 0xff, 0xff, 0xff, 0xe0, 0x0,
    0x0, 0x0, 0x0, 0x0, 0x0, 0x8f, 0xb0, 0x3f,
    0xff, 0xff, 0xfe, 0x0, 0x0, 0x0, 0x0, 0x0,
    0x0, 0x8f, 0xff, 0xb0, 0x3f, 0xff, 0xff, 0x60,
    0x0, 0x0, 0x0, 0x0, 0x0, 0x8f, 0xff, 0xff,
    0xb0, 0x3f, 0xff, 0x80, 0x0, 0x0, 0x0, 0x0,
    0x0, 0x8f, 0xff, 0xff, 0xff, 0xb0, 0x3f, 0x80,
    0x0, 0x0, 0x0, 0x0, 0x0, 0x8f, 0xff, 0xff,
    0xff, 0xff, 0xb0, 0x10, 0x0, 0x0, 0x0, 0x0,
    0x0, 0x8f, 0xff, 0xff, 0xff, 0xff, 0xff, 0x50,
    0x0, 0x0, 0x0, 0x0, 0x0, 0x8f, 0xff, 0xff,
    0xff, 0xff, 0xff, 0x80, 0x0, 0x0, 0x0, 0x0,
    0x0, 0x8f, 0xff, 0xff, 0xff, 0xff, 0xff, 0x80,
    0x0, 0x0, 0x0, 0x0, 0x0, 0x8f, 0xff, 0xff,
    0xff, 0xff, 0xff, 0x80, 0x0, 0x0, 0x0, 0x0,
    0x0, 0x8f, 0xff, 0xff, 0xff, 0xff, 0xff, 0x80,
    0x0, 0x0, 0x0, 0x0, 0x0, 0x8f, 0xff, 0xff,
    0xff, 0xff, 0xff, 0x80, 0x0, 0x0, 0x0, 0x0,
    0x0, 0x8f, 0xff, 0xff, 0xff, 0xff, 0xff, 0x80,
    0x0, 0x0, 0x0, 0x0, 0x0, 0x5f, 0xff, 0xff,
    0xff, 0xff, 0xff, 0x80, 0x0, 0x0, 0x0, 0x0,
    0x0, 0x8, 0xff, 0xff, 0xff, 0xff, 0xff, 0x80,
    0x0, 0x0, 0x0, 0x0, 0x0, 0x0, 0xaf, 0xff,
    0xff, 0xff, 0xff, 0x80, 0x0, 0x0, 0x0, 0x0,
    0x0, 0x0, 0xb, 0xff, 0xff, 0xff, 0xff, 0x80,
    0x0, 0x0, 0x0, 0x0, 0x0, 0x0, 0x0, 0xdf,
    0xff, 0xff, 0xff, 0x80, 0x0, 0x0, 0x0, 0x0,
    0x0, 0x0, 0x0, 0xf, 0xff, 0xff, 0xff, 0x80,
    0x0, 0x0, 0x0, 0x0, 0x0, 0x0, 0x0, 0x0,
    0xbf, 0xdb, 0xa8, 0x50, 0x0, 0x0, 0x0, 0x0,
    0x0, 0x0, 0x0, 0x0, 0x0, 0x0, 0x0, 0x0,
    0x0, 0x0, 0x0, 0x0, 0x0, 0x0, 0x0, 0x0,
    0x0,

    /* U+F55A "" */
    0x0, 0x0, 0x0, 0x2, 0xbf, 0xff, 0xff, 0xff,
    0xff, 0xff, 0xff, 0xff, 0xff, 0xfe, 0x80, 0x0,
    0x0, 0x0, 0x3e, 0xff, 0xff, 0xff, 0xff, 0xff,
    0xff, 0xff, 0xff, 0xff, 0xff, 0xf8, 0x0, 0x0,
    0x3, 0xef, 0xff, 0xff, 0xff, 0xff, 0xff, 0xff,
    0xff, 0xff, 0xff, 0xff, 0xfe, 0x0, 0x0, 0x3e,
    0xff, 0xff, 0xff, 0xff, 0xcf, 0xff, 0xff, 0xfc,
    0xff, 0xff, 0xff, 0xff, 0x0, 0x3, 0xef, 0xff,
    0xff, 0xff, 0xf8, 0x6, 0xff, 0xff, 0x60, 0x8f,
    0xff, 0xff, 0xff, 0x0, 0x3e, 0xff, 0xff, 0xff,
    0xff, 0xc0, 0x0, 0x6f, 0xf6, 0x0, 0xc, 0xff,
    0xff, 0xff, 0x3, 0xef, 0xff, 0xff, 0xff, 0xff,
    0xf6, 0x0, 0x6, 0x60, 0x0, 0x6f, 0xff, 0xff,
    0xff, 0x3f, 0xff, 0xff, 0xff, 0xff, 0xff, 0xff,
    0x60, 0x0, 0x0, 0x6, 0xff, 0xff, 0xff, 0xff,
    0xdf, 0xff, 0xff, 0xff, 0xff, 0xff, 0xff, 0xf6,
    0x0, 0x0, 0x6f, 0xff, 0xff, 0xff, 0xff, 0xdf,
    0xff, 0xff, 0xff, 0xff, 0xff, 0xff, 0xf6, 0x0,
    0x0, 0x6f, 0xff, 0xff, 0xff, 0xff, 0x3f, 0xff,
    0xff, 0xff, 0xff, 0xff, 0xff, 0x60, 0x0, 0x0,
    0x6, 0xff, 0xff, 0xff, 0xff, 0x3, 0xff, 0xff,
    0xff, 0xff, 0xff, 0xf6, 0x0, 0x6, 0x60, 0x0,
    0x6f, 0xff, 0xff, 0xff, 0x0, 0x3e, 0xff, 0xff,
    0xff, 0xff, 0xc0, 0x0, 0x6f, 0xf6, 0x0, 0xc,
    0xff, 0xff, 0xff, 0x0, 0x3, 0xef, 0xff, 0xff,
    0xff, 0xf8, 0x6, 0xff, 0xff, 0x60, 0x8f, 0xff,
    0xff, 0xff, 0x0, 0x0, 0x3e, 0xff, 0xff, 0xff,
    0xff, 0xcf, 0xff, 0xff, 0xfc, 0xff, 0xff, 0xff,
    0xff, 0x0, 0x0, 0x3, 0xef, 0xff, 0xff, 0xff,
    0xff, 0xff, 0xff, 0xff, 0xff, 0xff, 0xff, 0xfe,
    0x0, 0x0, 0x0, 0x3e, 0xff, 0xff, 0xff, 0xff,
    0xff, 0xff, 0xff, 0xff, 0xff, 0xff, 0xf8, 0x0,
    0x0, 0x0, 0x2, 0xbf, 0xff, 0xff, 0xff, 0xff,
    0xff, 0xff, 0xff, 0xff, 0xfe, 0x80,

    /* U+F7C2 "" */
    0x0, 0x0, 0x8, 0xff, 0xff, 0xff, 0xff, 0xfe,
    0x80, 0x0, 0x0, 0x8f, 0xff, 0xff, 0xff, 0xff,
    0xff, 0xf8, 0x0, 0x8, 0xff, 0xff, 0xff, 0xff,
    0xff, 0xff, 0xfe, 0x0, 0x8f, 0xf4, 0x8, 0xf0,
    0xe, 0x90, 0xf, 0xff, 0x8, 0xff, 0xf4, 0x8,
    0xf0, 0xe, 0x90, 0xf, 0xff, 0x8f, 0xff, 0xf4,
    0x8, 0xf0, 0xe, 0x90, 0xf, 0xff, 0xff, 0xff,
    0xf4, 0x8, 0xf0, 0xe, 0x90, 0xf, 0xff, 0xff,
    0xff, 0xfa, 0x8c, 0xf8, 0x8f, 0xc8, 0x8f, 0xff,
    0xff, 0xff, 0xff, 0xff, 0xff, 0xff, 0xff, 0xff,
    0xff, 0xff, 0xff, 0xff, 0xff, 0xff, 0xff, 0xff,
    0xff, 0xff, 0xff, 0xff, 0xff, 0xff, 0xff, 0xff,
    0xff, 0xff, 0xff, 0xff, 0xff, 0xff, 0xff, 0xff,
    0xff, 0xff, 0xff, 0xff, 0xff, 0xff, 0xff, 0xff,
    0xff, 0xff, 0xff, 0xff, 0xff, 0xff, 0xff, 0xff,
    0xff, 0xff, 0xff, 0xff, 0xff, 0xff, 0xff, 0xff,
    0xff, 0xff, 0xff, 0xff, 0xff, 0xff, 0xff, 0xff,
    0xff, 0xff, 0xff, 0xff, 0xff, 0xff, 0xff, 0xff,
    0xff, 0xff, 0xff, 0xff, 0xff, 0xff, 0xff, 0xff,
    0xff, 0xff, 0xff, 0xff, 0xff, 0xff, 0xff, 0xff,
    0xff, 0xff, 0xff, 0xff, 0xff, 0xff, 0xff, 0xff,
    0xff, 0xff, 0xff, 0xff, 0xff, 0xff, 0xff, 0xff,
    0xff, 0xff, 0xff, 0xff, 0xff, 0xff, 0xff, 0xff,
    0xff, 0xff, 0xff, 0xff, 0xff, 0xef, 0xff, 0xff,
    0xff, 0xff, 0xff, 0xff, 0xff, 0xfe, 0x8f, 0xff,
    0xff, 0xff, 0xff, 0xff, 0xff, 0xff, 0xf8, 0x8,
    0xef, 0xff, 0xff, 0xff, 0xff, 0xff, 0xfe, 0x80,

    /* U+F8A2 "" */
    0x0, 0x0, 0x0, 0x0, 0x0, 0x0, 0x0, 0x0,
    0x0, 0x0, 0x0, 0x2, 0x0, 0x0, 0x0, 0x0,
    0x0, 0x0, 0x0, 0x0, 0x0, 0x0, 0x0, 0x7,
    0xf1, 0x0, 0x0, 0x0, 0x0, 0x0, 0x0, 0x0,
    0x0, 0x0, 0x0, 0x7, 0xff, 0x10, 0x0, 0x0,
    0x3, 0x0, 0x0, 0x0, 0x0, 0x0, 0x0, 0x6,
    0xff, 0xf1, 0x0, 0x0, 0x1c, 0xf7, 0x0, 0x0,
    0x0, 0x0, 0x0, 0x0, 0xaf, 0xff, 0x10, 0x0,
    0x1d, 0xff, 0x90, 0x0, 0x0, 0x0, 0x0, 0x0,
    0xa, 0xff, 0xf1, 0x0, 0x2d, 0xff, 0xf9, 0x0,
    0x0, 0x0, 0x0, 0x0, 0x0, 0xaf, 0xff, 0x10,
    0x2e, 0xff, 0xff, 0xa2, 0x22, 0x22, 0x22, 0x22,
    0x22, 0x2b, 0xff, 0xf1, 0x3e, 0xff, 0xff, 0xff,
    0xff, 0xff, 0xff, 0xff, 0xff, 0xff, 0xff, 0xff,
    0x1d, 0xff, 0xff, 0xff, 0xff, 0xff, 0xff, 0xff,
    0xff, 0xff, 0xff, 0xff, 0xf1, 0x8f, 0xff, 0xff,
    0xff, 0xff, 0xff, 0xff, 0xff, 0xff, 0xff, 0xff,
    0xff, 0x0, 0x8f, 0xff, 0xff, 0xd9, 0x99, 0x99,
    0x99, 0x99, 0x99, 0x99, 0x99, 0x60, 0x0, 0x7f,
    0xff, 0xf9, 0x0, 0x0, 0x0, 0x0, 0x0, 0x0,
    0x0, 0x0, 0x0, 0x0, 0x6f, 0xff, 0x90, 0x0,
    0x0, 0x0, 0x0, 0x0, 0x0, 0x0, 0x0, 0x0,
    0x0, 0x5f, 0xf8, 0x0, 0x0, 0x0, 0x0, 0x0,
    0x0, 0x0, 0x0, 0x0, 0x0, 0x0, 0x4a, 0x20,
    0x0, 0x0, 0x0, 0x0, 0x0, 0x0, 0x0, 0x0
};


/*---------------------
 *  GLYPH DESCRIPTION
 *--------------------*/

static const lv_font_fmt_txt_glyph_dsc_t glyph_dsc[] = {
    {.bitmap_index = 0, .adv_w = 0, .box_w = 0, .box_h = 0, .ofs_x = 0, .ofs_y = 0} /* id = 0 reserved */,
    {.bitmap_index = 0, .adv_w = 107, .box_w = 0, .box_h = 0, .ofs_x = 0, .ofs_y = 0},
    {.bitmap_index = 0, .adv_w = 109, .box_w = 5, .box_h = 17, .ofs_x = 1, .ofs_y = 0},
    {.bitmap_index = 43, .adv_w = 147, .box_w = 8, .box_h = 6, .ofs_x = 1, .ofs_y = 11},
    {.bitmap_index = 67, .adv_w = 270, .box_w = 15, .box_h = 17, .ofs_x = 1, .ofs_y = 0},
    {.bitmap_index = 195, .adv_w = 248, .box_w = 14, .box_h = 22, .ofs_x = 1, .ofs_y = -3},
    {.bitmap_index = 349, .adv_w = 392, .box_w = 23, .box_h = 18, .ofs_x = 1, .ofs_y = -1},
    {.bitmap_index = 556, .adv_w = 261, .box_w = 16, .box_h = 17, .ofs_x = 1, .ofs_y = 0},
    {.bitmap_index = 692, .adv_w = 78, .box_w = 3, .box_h = 6, .ofs_x = 1, .ofs_y = 11},
    {.bitmap_index = 701, .adv_w = 127, .box_w = 7, .box_h = 22, .ofs_x = 1, .ofs_y = -5},
    {.bitmap_index = 778, .adv_w = 127, .box_w = 7, .box_h = 22, .ofs_x = 0, .ofs_y = -5},
    {.bitmap_index = 855, .adv_w = 172, .box_w = 9, .box_h = 9, .ofs_x = 1, .ofs_y = 10},
    {.bitmap_index = 896, .adv_w = 220, .box_w = 12, .box_h = 12, .ofs_x = 1, .ofs_y = 2},
    {.bitmap_index = 968, .adv_w = 92, .box_w = 5, .box_h = 7, .ofs_x = 0, .ofs_y = -4},
    {.bitmap_index = 986, .adv_w = 152, .box_w = 8, .box_h = 3, .ofs_x = 1, .ofs_y = 5},
    {.bitmap_index = 998, .adv_w = 89, .box_w = 4, .box_h = 4, .ofs_x = 1, .ofs_y = 0},
    {.bitmap_index = 1006, .adv_w = 207, .box_w = 13, .box_h = 18, .ofs_x = 0, .ofs_y = -1},
    {.bitmap_index = 1123, .adv_w = 255, .box_w = 14, .box_h = 17, .ofs_x = 1, .ofs_y = 0},
    {.bitmap_index = 1242, .adv_w = 144, .box_w = 8, .box_h = 17, .ofs_x = 0, .ofs_y = 0},
    {.bitmap_index = 1310, .adv_w = 220, .box_w = 14, .box_h = 17, .ofs_x = 0, .ofs_y = 0},
    {.bitmap_index = 1429, .adv_w = 233, .box_w = 14, .box_h = 17, .ofs_x = 0, .ofs_y = 0},
    {.bitmap_index = 1548, .adv_w = 233, .box_w = 15, .box_h = 17, .ofs_x = 0, .ofs_y = 0},
    {.bitmap_index = 1676, .adv_w = 237, .box_w = 13, .box_h = 17, .ofs_x = 1, .ofs_y = 0},
    {.bitmap_index = 1787, .adv_w = 240, .box_w = 14, .box_h = 17, .ofs_x = 1, .ofs_y = 0},
    {.bitmap_index = 1906, .adv_w = 196, .box_w = 13, .box_h = 17, .ofs_x = 0, .ofs_y = 0},
    {.bitmap_index = 2017, .adv_w = 245, .box_w = 15, .box_h = 17, .ofs_x = 0, .ofs_y = 0},
    {.bitmap_index = 2145, .adv_w = 242, .box_w = 14, .box_h = 17, .ofs_x = 0, .ofs_y = 0},
    {.bitmap_index = 2264, .adv_w = 89, .box_w = 4, .box_h = 12, .ofs_x = 1, .ofs_y = 0},
    {.bitmap_index = 2288, .adv_w = 95, .box_w = 5, .box_h = 16, .ofs_x = 0, .ofs_y = -4},
    {.bitmap_index = 2328, .adv_w = 218, .box_w = 13, .box_h = 15, .ofs_x = 0, .ofs_y = 0},
    {.bitmap_index = 2426, .adv_w = 204, .box_w = 11, .box_h = 7, .ofs_x = 1, .ofs_y = 4},
    {.bitmap_index = 2465, .adv_w = 218, .box_w = 13, .box_h = 15, .ofs_x = 1, .ofs_y = 0},
    {.bitmap_index = 2563, .adv_w = 223, .box_w = 13, .box_h = 17, .ofs_x = 0, .ofs_y = 0},
    {.bitmap_index = 2674, .adv_w = 342, .box_w = 20, .box_h = 18, .ofs_x = 1, .ofs_y = -1},
    {.bitmap_index = 2854, .adv_w = 257, .box_w = 16, .box_h = 17, .ofs_x = 0, .ofs_y = 0},
    {.bitmap_index = 2990, .adv_w = 262, .box_w = 15, .box_h = 17, .ofs_x = 1, .ofs_y = 0},
    {.bitmap_index = 3118, .adv_w = 261, .box_w = 15, .box_h = 17, .ofs_x = 1, .ofs_y = 0},
    {.bitmap_index = 3246, .adv_w = 266, .box_w = 15, .box_h = 17, .ofs_x = 1, .ofs_y = 0},
    {.bitmap_index = 3374, .adv_w = 238, .box_w = 13, .box_h = 17, .ofs_x = 1, .ofs_y = 0},
    {.bitmap_index = 3485, .adv_w = 228, .box_w = 13, .box_h = 17, .ofs_x = 1, .ofs_y = 0},
    {.bitmap_index = 3596, .adv_w = 270, .box_w = 15, .box_h = 17, .ofs_x = 1, .ofs_y = 0},
    {.bitmap_index = 3724, .adv_w = 275, .box_w = 15, .box_h = 17, .ofs_x = 1, .ofs_y = 0},
    {.bitmap_index = 3852, .adv_w = 105, .box_w = 4, .box_h = 17, .ofs_x = 1, .ofs_y = 0},
    {.bitmap_index = 3886, .adv_w = 229, .box_w = 13, .box_h = 17, .ofs_x = 0, .ofs_y = 0},
    {.bitmap_index = 3997, .adv_w = 253, .box_w = 15, .box_h = 17, .ofs_x = 1, .ofs_y = 0},
    {.bitmap_index = 4125, .adv_w = 222, .box_w = 13, .box_h = 17, .ofs_x = 1, .ofs_y = 0},
    {.bitmap_index = 4236, .adv_w = 313, .box_w = 17, .box_h = 17, .ofs_x = 1, .ofs_y = 0},
    {.bitmap_index = 4381, .adv_w = 272, .box_w = 15, .box_h = 17, .ofs_x = 1, .ofs_y = 0},
    {.bitmap_index = 4509, .adv_w = 275, .box_w = 16, .box_h = 17, .ofs_x = 1, .ofs_y = 0},
    {.bitmap_index = 4645, .adv_w = 247, .box_w = 14, .box_h = 17, .ofs_x = 1, .ofs_y = 0},
    {.bitmap_index = 4764, .adv_w = 276, .box_w = 16, .box_h = 18, .ofs_x = 1, .ofs_y = -1},
    {.bitmap_index = 4908, .adv_w = 257, .box_w = 15, .box_h = 17, .ofs_x = 1, .ofs_y = 0},
    {.bitmap_index = 5036, .adv_w = 248, .box_w = 14, .box_h = 17, .ofs_x = 1, .ofs_y = 0},
    {.bitmap_index = 5155, .adv_w = 229, .box_w = 14, .box_h = 17, .ofs_x = 0, .ofs_y = 0},
    {.bitmap_index = 5274, .adv_w = 273, .box_w = 15, .box_h = 17, .ofs_x = 1, .ofs_y = 0},
    {.bitmap_index = 5402, .adv_w = 252, .box_w = 16, .box_h = 17, .ofs_x = 0, .ofs_y = 0},
    {.bitmap_index = 5538, .adv_w = 333, .box_w = 21, .box_h = 17, .ofs_x = 0, .ofs_y = 0},
    {.bitmap_index = 5717, .adv_w = 242, .box_w = 16, .box_h = 17, .ofs_x = 0, .ofs_y = 0},
    {.bitmap_index = 5853, .adv_w = 247, .box_w = 16, .box_h = 17, .ofs_x = 0, .ofs_y = 0},
    {.bitmap_index = 5989, .adv_w = 229, .box_w = 14, .box_h = 17, .ofs_x = 0, .ofs_y = 0},
    {.bitmap_index = 6108, .adv_w = 129, .box_w = 7, .box_h = 23, .ofs_x = 1, .ofs_y = -5},
    {.bitmap_index = 6189, .adv_w = 207, .box_w = 13, .box_h = 18, .ofs_x = 0, .ofs_y = -1},
    {.bitmap_index = 6306, .adv_w = 129, .box_w = 7, .box_h = 23, .ofs_x = 0, .ofs_y = -5},
    {.bitmap_index = 6387, .adv_w = 226, .box_w = 13, .box_h = 9, .ofs_x = 1, .ofs_y = 8},
    {.bitmap_index = 6446, .adv_w = 220, .box_w = 14, .box_h = 3, .ofs_x = 0, .ofs_y = -3},
    {.bitmap_index = 6467, .adv_w = 114, .box_w = 7, .box_h = 5, .ofs_x = 0, .ofs_y = 14},
    {.bitmap_index = 6485, .adv_w = 221, .box_w = 12, .box_h = 12, .ofs_x = 1, .ofs_y = 0},
    {.bitmap_index = 6557, .adv_w = 228, .box_w = 13, .box_h = 17, .ofs_x = 1, .ofs_y = 0},
    {.bitmap_index = 6668, .adv_w = 212, .box_w = 12, .box_h = 12, .ofs_x = 1, .ofs_y = 0},
    {.bitmap_index = 6740, .adv_w = 228, .box_w = 12, .box_h = 17, .ofs_x = 1, .ofs_y = 0},
    {.bitmap_index = 6842, .adv_w = 218, .box_w = 12, .box_h = 12, .ofs_x = 1, .ofs_y = 0},
    {.bitmap_index = 6914, .adv_w = 143, .box_w = 9, .box_h = 17, .ofs_x = 0, .ofs_y = 0},
    {.bitmap_index = 6991, .adv_w = 229, .box_w = 12, .box_h = 17, .ofs_x = 1, .ofs_y = -5},
    {.bitmap_index = 7093, .adv_w = 228, .box_w = 12, .box_h = 17, .ofs_x = 1, .ofs_y = 0},
    {.bitmap_index = 7195, .adv_w = 107, .box_w = 5, .box_h = 17, .ofs_x = 1, .ofs_y = 0},
    {.bitmap_index = 7238, .adv_w = 111, .box_w = 7, .box_h = 22, .ofs_x = -1, .ofs_y = -5},
    {.bitmap_index = 7315, .adv_w = 207, .box_w = 12, .box_h = 17, .ofs_x = 1, .ofs_y = 0},
    {.bitmap_index = 7417, .adv_w = 110, .box_w = 6, .box_h = 17, .ofs_x = 1, .ofs_y = 0},
    {.bitmap_index = 7468, .adv_w = 324, .box_w = 18, .box_h = 12, .ofs_x = 1, .ofs_y = 0},
    {.bitmap_index = 7576, .adv_w = 227, .box_w = 12, .box_h = 12, .ofs_x = 1, .ofs_y = 0},
    {.bitmap_index = 7648, .adv_w = 225, .box_w = 13, .box_h = 12, .ofs_x = 1, .ofs_y = 0},
    {.bitmap_index = 7726, .adv_w = 228, .box_w = 13, .box_h = 17, .ofs_x = 1, .ofs_y = -5},
    {.bitmap_index = 7837, .adv_w = 228, .box_w = 12, .box_h = 17, .ofs_x = 1, .ofs_y = -5},
    {.bitmap_index = 7939, .adv_w = 144, .box_w = 8, .box_h = 12, .ofs_x = 1, .ofs_y = 0},
    {.bitmap_index = 7987, .adv_w = 207, .box_w = 13, .box_h = 12, .ofs_x = 0, .ofs_y = 0},
    {.bitmap_index = 8065, .adv_w = 154, .box_w = 9, .box_h = 16, .ofs_x = 0, .ofs_y = 0},
    {.bitmap_index = 8137, .adv_w = 226, .box_w = 12, .box_h = 12, .ofs_x = 1, .ofs_y = 0},
    {.bitmap_index = 8209, .adv_w = 197, .box_w = 13, .box_h = 12, .ofs_x = 0, .ofs_y = 0},
    {.bitmap_index = 8287, .adv_w = 284, .box_w = 18, .box_h = 12, .ofs_x = 0, .ofs_y = 0},
    {.bitmap_index = 8395, .adv_w = 199, .box_w = 13, .box_h = 12, .ofs_x = 0, .ofs_y = 0},
    {.bitmap_index = 8473, .adv_w = 226, .box_w = 12, .box_h = 17, .ofs_x = 1, .ofs_y = -5},
    {.bitmap_index = 8575, .adv_w = 189, .box_w = 12, .box_h = 12, .ofs_x = 0, .ofs_y = 0},
    {.bitmap_index = 8647, .adv_w = 149, .box_w = 8, .box_h = 23, .ofs_x = 1, .ofs_y = -5},
    {.bitmap_index = 8739, .adv_w = 101, .box_w = 4, .box_h = 24, .ofs_x = 1, .ofs_y = -3},
    {.bitmap_index = 8787, .adv_w = 149, .box_w = 9, .box_h = 23, .ofs_x = 0, .ofs_y = -5},
    {.bitmap_index = 8891, .adv_w = 237, .box_w = 13, .box_h = 5, .ofs_x = 1, .ofs_y = 5},
    {.bitmap_index = 8924, .adv_w = 384, .box_w = 24, .box_h = 25, .ofs_x = 0, .ofs_y = -3},
    {.bitmap_index = 9224, .adv_w = 384, .box_w = 24, .box_h = 18, .ofs_x = 0, .ofs_y = 0},
    {.bitmap_index = 9440, .adv_w = 384, .box_w = 24, .box_h = 22, .ofs_x = 0, .ofs_y = -2},
    {.bitmap_index = 9704, .adv_w = 384, .box_w = 24, .box_h = 18, .ofs_x = 0, .ofs_y = 0},
    {.bitmap_index = 9920, .adv_w = 264, .box_w = 17, .box_h = 18, .ofs_x = 0, .ofs_y = 0},
    {.bitmap_index = 10073, .adv_w = 384, .box_w = 24, .box_h = 24, .ofs_x = 0, .ofs_y = -3},
    {.bitmap_index = 10361, .adv_w = 384, .box_w = 24, .box_h = 24, .ofs_x = 0, .ofs_y = -3},
    {.bitmap_index = 10649, .adv_w = 432, .box_w = 27, .box_h = 22, .ofs_x = 0, .ofs_y = -2},
    {.bitmap_index = 10946, .adv_w = 384, .box_w = 24, .box_h = 24, .ofs_x = 0, .ofs_y = -3},
    {.bitmap_index = 11234, .adv_w = 432, .box_w = 27, .box_h = 18, .ofs_x = 0, .ofs_y = 0},
    {.bitmap_index = 11477, .adv_w = 384, .box_w = 24, .box_h = 26, .ofs_x = 0, .ofs_y = -4},
    {.bitmap_index = 11789, .adv_w = 192, .box_w = 12, .box_h = 19, .ofs_x = 0, .ofs_y = -1},
    {.bitmap_index = 11903, .adv_w = 288, .box_w = 18, .box_h = 19, .ofs_x = 0, .ofs_y = -1},
    {.bitmap_index = 12074, .adv_w = 432, .box_w = 27, .box_h = 24, .ofs_x = 0, .ofs_y = -3},
    {.bitmap_index = 12398, .adv_w = 384, .box_w = 24, .box_h = 18, .ofs_x = 0, .ofs_y = 0},
    {.bitmap_index = 12614, .adv_w = 264, .box_w = 17, .box_h = 24, .ofs_x = 0, .ofs_y = -3},
    {.bitmap_index = 12818, .adv_w = 336, .box_w = 15, .box_h = 22, .ofs_x = 3, .ofs_y = -2},
    {.bitmap_index = 12983, .adv_w = 336, .box_w = 21, .box_h = 26, .ofs_x = 0, .ofs_y = -4},
    {.bitmap_index = 13256, .adv_w = 336, .box_w = 21, .box_h = 22, .ofs_x = 0, .ofs_y = -2},
    {.bitmap_index = 13487, .adv_w = 336, .box_w = 21, .box_h = 22, .ofs_x = 0, .ofs_y = -2},
    {.bitmap_index = 13718, .adv_w = 336, .box_w = 15, .box_h = 22, .ofs_x = 3, .ofs_y = -2},
    {.bitmap_index = 13883, .adv_w = 336, .box_w = 23, .box_h = 22, .ofs_x = -1, .ofs_y = -2},
    {.bitmap_index = 14136, .adv_w = 240, .box_w = 13, .box_h = 22, .ofs_x = 1, .ofs_y = -2},
    {.bitmap_index = 14279, .adv_w = 240, .box_w = 13, .box_h = 22, .ofs_x = 1, .ofs_y = -2},
    {.bitmap_index = 14422, .adv_w = 336, .box_w = 21, .box_h = 22, .ofs_x = 0, .ofs_y = -2},
    {.bitmap_index = 14653, .adv_w = 336, .box_w = 21, .box_h = 6, .ofs_x = 0, .ofs_y = 6},
    {.bitmap_index = 14716, .adv_w = 432, .box_w = 27, .box_h = 18, .ofs_x = 0, .ofs_y = 0},
    {.bitmap_index = 14959, .adv_w = 480, .box_w = 31, .box_h = 24, .ofs_x = -1, .ofs_y = -3},
    {.bitmap_index = 15331, .adv_w = 432, .box_w = 29, .box_h = 24, .ofs_x = -1, .ofs_y = -3},
    {.bitmap_index = 15679, .adv_w = 384, .box_w = 24, .box_h = 22, .ofs_x = 0, .ofs_y = -2},
    {.bitmap_index = 15943, .adv_w = 336, .box_w = 21, .box_h = 14, .ofs_x = 0, .ofs_y = 2},
    {.bitmap_index = 16090, .adv_w = 336, .box_w = 21, .box_h = 14, .ofs_x = 0, .ofs_y = 2},
    {.bitmap_index = 16237, .adv_w = 480, .box_w = 31, .box_h = 19, .ofs_x = -1, .ofs_y = -1},
    {.bitmap_index = 16532, .adv_w = 384, .box_w = 24, .box_h = 18, .ofs_x = 0, .ofs_y = 0},
    {.bitmap_index = 16748, .adv_w = 384, .box_w = 24, .box_h = 24, .ofs_x = 0, .ofs_y = -3},
    {.bitmap_index = 17036, .adv_w = 384, .box_w = 25, .box_h = 25, .ofs_x = -1, .ofs_y = -3},
    {.bitmap_index = 17349, .adv_w = 336, .box_w = 22, .box_h = 22, .ofs_x = 0, .ofs_y = -2},
    {.bitmap_index = 17591, .adv_w = 336, .box_w = 21, .box_h = 24, .ofs_x = 0, .ofs_y = -3},
    {.bitmap_index = 17843, .adv_w = 336, .box_w = 21, .box_h = 22, .ofs_x = 0, .ofs_y = -2},
    {.bitmap_index = 18074, .adv_w = 336, .box_w = 21, .box_h = 20, .ofs_x = 0, .ofs_y = -1},
    {.bitmap_index = 18284, .adv_w = 384, .box_w = 24, .box_h = 18, .ofs_x = 0, .ofs_y = 0},
    {.bitmap_index = 18500, .adv_w = 240, .box_w = 17, .box_h = 24, .ofs_x = -1, .ofs_y = -3},
    {.bitmap_index = 18704, .adv_w = 336, .box_w = 21, .box_h = 24, .ofs_x = 0, .ofs_y = -3},
    {.bitmap_index = 18956, .adv_w = 336, .box_w = 21, .box_h = 24, .ofs_x = 0, .ofs_y = -3},
    {.bitmap_index = 19208, .adv_w = 432, .box_w = 27, .box_h = 18, .ofs_x = 0, .ofs_y = 0},
    {.bitmap_index = 19451, .adv_w = 384, .box_w = 26, .box_h = 26, .ofs_x = -1, .ofs_y = -4},
    {.bitmap_index = 19789, .adv_w = 288, .box_w = 18, .box_h = 24, .ofs_x = 0, .ofs_y = -3},
    {.bitmap_index = 20005, .adv_w = 480, .box_w = 30, .box_h = 23, .ofs_x = 0, .ofs_y = -2},
    {.bitmap_index = 20350, .adv_w = 480, .box_w = 30, .box_h = 16, .ofs_x = 0, .ofs_y = 1},
    {.bitmap_index = 20590, .adv_w = 480, .box_w = 30, .box_h = 16, .ofs_x = 0, .ofs_y = 1},
    {.bitmap_index = 20830, .adv_w = 480, .box_w = 30, .box_h = 16, .ofs_x = 0, .ofs_y = 1},
    {.bitmap_index = 21070, .adv_w = 480, .box_w = 30, .box_h = 16, .ofs_x = 0, .ofs_y = 1},
    {.bitmap_index = 21310, .adv_w = 480, .box_w = 30, .box_h = 16, .ofs_x = 0, .ofs_y = 1},
    {.bitmap_index = 21550, .adv_w = 480, .box_w = 31, .box_h = 20, .ofs_x = 0, .ofs_y = -1},
    {.bitmap_index = 21860, .adv_w = 336, .box_w = 19, .box_h = 24, .ofs_x = 1, .ofs_y = -3},
    {.bitmap_index = 22088, .adv_w = 336, .box_w = 21, .box_h = 24, .ofs_x = 0, .ofs_y = -3},
    {.bitmap_index = 22340, .adv_w = 384, .box_w = 25, .box_h = 25, .ofs_x = -1, .ofs_y = -4},
    {.bitmap_index = 22653, .adv_w = 480, .box_w = 30, .box_h = 18, .ofs_x = 0, .ofs_y = 0},
    {.bitmap_index = 22923, .adv_w = 288, .box_w = 18, .box_h = 24, .ofs_x = 0, .ofs_y = -3},
    {.bitmap_index = 23139, .adv_w = 386, .box_w = 25, .box_h = 16, .ofs_x = 0, .ofs_y = 1}
};

/*---------------------
 *  CHARACTER MAPPING
 *--------------------*/

static const uint16_t unicode_list_1[] = {
    0x0, 0x7, 0xa, 0xb, 0xc, 0x10, 0x12, 0x14,
    0x18, 0x1b, 0x20, 0x25, 0x26, 0x27, 0x3d, 0x42,
    0x47, 0x4a, 0x4b, 0x4c, 0x50, 0x51, 0x52, 0x53,
    0x66, 0x67, 0x6d, 0x6f, 0x70, 0x73, 0x76, 0x77,
    0x78, 0x7a, 0x92, 0x94, 0xc3, 0xc4, 0xc6, 0xc8,
    0xdf, 0xe6, 0xe9, 0xf2, 0x11b, 0x123, 0x15a, 0x1ea,
    0x23f, 0x240, 0x241, 0x242, 0x243, 0x286, 0x292, 0x2ec,
    0x303, 0x559, 0x7c1, 0x8a1
};

/*Collect the unicode lists and glyph_id offsets*/
static const lv_font_fmt_txt_cmap_t cmaps[] =
{
    {
        .range_start = 32, .range_length = 95, .glyph_id_start = 1,
        .unicode_list = NULL, .glyph_id_ofs_list = NULL, .list_length = 0, .type = LV_FONT_FMT_TXT_CMAP_FORMAT0_TINY
    },
    {
        .range_start = 61441, .range_length = 2210, .glyph_id_start = 96,
        .unicode_list = unicode_list_1, .glyph_id_ofs_list = NULL, .list_length = 60, .type = LV_FONT_FMT_TXT_CMAP_SPARSE_TINY
    }
};

/*-----------------
 *    KERNING
 *----------------*/


/*Pair left and right glyphs for kerning*/
static const uint8_t kern_pair_glyph_ids[] =
{
    13, 17,
    13, 18,
    13, 21,
    13, 23,
    13, 24,
    13, 25,
    13, 26,
    14, 24,
    15, 17,
    15, 18,
    15, 20,
    15, 21,
    15, 22,
    15, 23,
    15, 24,
    15, 25,
    15, 26,
    16, 34,
    16, 36,
    16, 40,
    16, 43,
    16, 48,
    16, 50,
    16, 66,
    16, 68,
    16, 69,
    16, 70,
    16, 71,
    16, 72,
    16, 78,
    16, 79,
    16, 80,
    16, 81,
    16, 82,
    16, 83,
    16, 84,
    16, 85,
    16, 86,
    16, 90,
    16, 91,
    17, 13,
    17, 15,
    17, 24,
    19, 21,
    20, 13,
    20, 15,
    21, 15,
    22, 13,
    22, 15,
    22, 18,
    23, 13,
    23, 15,
    23, 24,
    24, 13,
    24, 14,
    24, 15,
    24, 17,
    24, 21,
    24, 23,
    24, 25,
    25, 13,
    25, 15,
    25, 18,
    25, 24,
    26, 13,
    26, 15,
    26, 18,
    26, 24,
    34, 18,
    34, 35,
    34, 36,
    34, 37,
    34, 38,
    34, 40,
    34, 45,
    34, 48,
    34, 50,
    34, 52,
    34, 53,
    34, 54,
    34, 55,
    34, 56,
    34, 58,
    34, 68,
    34, 69,
    34, 70,
    34, 71,
    34, 72,
    34, 77,
    34, 80,
    34, 82,
    34, 85,
    34, 86,
    34, 87,
    34, 88,
    34, 90,
    35, 34,
    35, 53,
    35, 55,
    35, 56,
    35, 57,
    35, 58,
    35, 59,
    36, 13,
    36, 15,
    36, 34,
    36, 53,
    36, 57,
    36, 58,
    36, 59,
    37, 13,
    37, 15,
    37, 16,
    37, 34,
    37, 53,
    37, 55,
    37, 56,
    37, 57,
    37, 58,
    37, 59,
    38, 36,
    38, 40,
    38, 48,
    38, 50,
    38, 66,
    39, 13,
    39, 15,
    39, 16,
    39, 34,
    39, 36,
    39, 40,
    39, 43,
    39, 48,
    39, 50,
    39, 52,
    39, 66,
    39, 68,
    39, 69,
    39, 70,
    39, 72,
    39, 78,
    39, 79,
    39, 80,
    39, 81,
    39, 82,
    39, 83,
    39, 85,
    39, 86,
    39, 87,
    39, 88,
    39, 89,
    39, 90,
    39, 91,
    40, 13,
    40, 15,
    40, 16,
    40, 34,
    40, 53,
    40, 55,
    40, 57,
    40, 58,
    40, 59,
    40, 71,
    40, 89,
    43, 15,
    43, 34,
    44, 14,
    44, 35,
    44, 36,
    44, 37,
    44, 38,
    44, 40,
    44, 43,
    44, 45,
    44, 48,
    44, 50,
    44, 52,
    44, 53,
    44, 58,
    44, 66,
    44, 68,
    44, 69,
    44, 70,
    44, 71,
    44, 72,
    44, 77,
    44, 78,
    44, 79,
    44, 80,
    44, 81,
    44, 82,
    44, 83,
    44, 84,
    44, 85,
    44, 86,
    44, 87,
    44, 88,
    44, 90,
    45, 14,
    45, 36,
    45, 40,
    45, 48,
    45, 50,
    45, 52,
    45, 53,
    45, 54,
    45, 55,
    45, 56,
    45, 58,
    45, 68,
    45, 69,
    45, 70,
    45, 71,
    45, 72,
    45, 80,
    45, 82,
    45, 84,
    45, 85,
    45, 87,
    45, 88,
    48, 13,
    48, 15,
    48, 16,
    48, 34,
    48, 53,
    48, 55,
    48, 56,
    48, 57,
    48, 58,
    48, 59,
    49, 13,
    49, 15,
    49, 34,
    49, 43,
    49, 53,
    49, 57,
    49, 59,
    49, 66,
    49, 68,
    49, 69,
    49, 70,
    49, 72,
    49, 80,
    49, 82,
    50, 34,
    50, 53,
    50, 55,
    50, 56,
    50, 57,
    50, 58,
    50, 59,
    50, 71,
    51, 36,
    51, 40,
    51, 48,
    51, 50,
    51, 53,
    51, 58,
    52, 13,
    52, 34,
    52, 53,
    52, 55,
    52, 57,
    52, 58,
    52, 59,
    52, 87,
    52, 89,
    52, 91,
    53, 13,
    53, 14,
    53, 15,
    53, 16,
    53, 20,
    53, 21,
    53, 23,
    53, 25,
    53, 26,
    53, 34,
    53, 36,
    53, 40,
    53, 43,
    53, 48,
    53, 50,
    53, 52,
    53, 66,
    53, 68,
    53, 69,
    53, 70,
    53, 71,
    53, 72,
    53, 74,
    53, 75,
    53, 78,
    53, 79,
    53, 80,
    53, 81,
    53, 82,
    53, 83,
    53, 84,
    53, 85,
    53, 86,
    53, 87,
    53, 88,
    53, 89,
    53, 90,
    53, 91,
    54, 16,
    54, 34,
    54, 59,
    55, 13,
    55, 14,
    55, 15,
    55, 16,
    55, 34,
    55, 36,
    55, 40,
    55, 43,
    55, 48,
    55, 50,
    55, 52,
    55, 59,
    55, 66,
    55, 68,
    55, 69,
    55, 70,
    55, 71,
    55, 72,
    55, 78,
    55, 79,
    55, 80,
    55, 81,
    55, 82,
    55, 83,
    55, 84,
    55, 85,
    55, 86,
    55, 87,
    55, 88,
    55, 89,
    55, 90,
    55, 91,
    56, 13,
    56, 15,
    56, 16,
    56, 34,
    56, 36,
    56, 40,
    56, 43,
    56, 48,
    56, 50,
    56, 59,
    56, 66,
    56, 68,
    56, 69,
    56, 70,
    56, 71,
    56, 72,
    56, 78,
    56, 79,
    56, 80,
    56, 81,
    56, 82,
    56, 83,
    56, 84,
    56, 85,
    56, 86,
    56, 87,
    56, 88,
    56, 89,
    56, 90,
    56, 91,
    57, 14,
    57, 35,
    57, 36,
    57, 37,
    57, 38,
    57, 40,
    57, 43,
    57, 45,
    57, 48,
    57, 50,
    57, 52,
    57, 66,
    57, 68,
    57, 69,
    57, 70,
    57, 71,
    57, 72,
    57, 77,
    57, 78,
    57, 79,
    57, 80,
    57, 81,
    57, 82,
    57, 83,
    57, 85,
    57, 86,
    57, 87,
    57, 88,
    57, 90,
    58, 13,
    58, 14,
    58, 15,
    58, 16,
    58, 34,
    58, 36,
    58, 40,
    58, 43,
    58, 48,
    58, 50,
    58, 52,
    58, 59,
    58, 66,
    58, 67,
    58, 68,
    58, 69,
    58, 70,
    58, 71,
    58, 72,
    58, 73,
    58, 74,
    58, 75,
    58, 76,
    58, 78,
    58, 79,
    58, 80,
    58, 81,
    58, 82,
    58, 83,
    58, 84,
    58, 85,
    58, 86,
    58, 87,
    58, 88,
    58, 89,
    58, 90,
    58, 91,
    59, 14,
    59, 36,
    59, 40,
    59, 48,
    59, 50,
    59, 52,
    59, 54,
    59, 56,
    59, 58,
    59, 66,
    59, 67,
    59, 68,
    59, 69,
    59, 70,
    59, 71,
    59, 72,
    59, 73,
    59, 76,
    59, 77,
    59, 78,
    59, 79,
    59, 80,
    59, 81,
    59, 82,
    59, 83,
    59, 84,
    59, 85,
    59, 86,
    59, 87,
    59, 88,
    59, 90,
    66, 53,
    66, 55,
    66, 56,
    66, 57,
    66, 58,
    66, 59,
    66, 71,
    66, 87,
    66, 91,
    67, 13,
    67, 15,
    67, 34,
    67, 53,
    67, 55,
    67, 56,
    67, 57,
    67, 58,
    67, 59,
    67, 71,
    67, 85,
    67, 87,
    67, 88,
    67, 89,
    67, 91,
    68, 15,
    68, 53,
    68, 55,
    68, 56,
    68, 57,
    68, 58,
    68, 59,
    68, 85,
    68, 88,
    68, 89,
    68, 91,
    69, 58,
    69, 59,
    70, 15,
    70, 53,
    70, 55,
    70, 56,
    70, 57,
    70, 58,
    70, 59,
    70, 71,
    70, 85,
    70, 89,
    70, 91,
    71, 13,
    71, 14,
    71, 15,
    71, 34,
    71, 36,
    71, 40,
    71, 43,
    71, 48,
    71, 50,
    71, 56,
    71, 66,
    71, 68,
    71, 69,
    71, 70,
    71, 72,
    71, 80,
    71, 82,
    71, 84,
    71, 91,
    72, 53,
    72, 55,
    72, 56,
    72, 57,
    72, 58,
    72, 59,
    73, 53,
    73, 55,
    73, 56,
    73, 57,
    73, 58,
    73, 59,
    73, 71,
    73, 87,
    73, 91,
    74, 53,
    74, 58,
    75, 53,
    75, 58,
    76, 14,
    76, 35,
    76, 36,
    76, 37,
    76, 38,
    76, 40,
    76, 43,
    76, 45,
    76, 48,
    76, 50,
    76, 52,
    76, 53,
    76, 54,
    76, 55,
    76, 56,
    76, 58,
    76, 66,
    76, 68,
    76, 69,
    76, 70,
    76, 72,
    76, 77,
    76, 80,
    76, 82,
    76, 84,
    76, 86,
    76, 90,
    77, 53,
    77, 55,
    77, 58,
    77, 77,
    78, 53,
    78, 55,
    78, 56,
    78, 57,
    78, 58,
    78, 59,
    78, 71,
    78, 87,
    78, 91,
    79, 53,
    79, 55,
    79, 56,
    79, 57,
    79, 58,
    79, 59,
    79, 71,
    79, 87,
    79, 91,
    80, 13,
    80, 15,
    80, 34,
    80, 53,
    80, 55,
    80, 56,
    80, 57,
    80, 58,
    80, 59,
    80, 71,
    80, 85,
    80, 87,
    80, 88,
    80, 89,
    80, 91,
    81, 13,
    81, 15,
    81, 34,
    81, 53,
    81, 55,
    81, 56,
    81, 57,
    81, 58,
    81, 59,
    81, 71,
    81, 85,
    81, 87,
    81, 88,
    81, 89,
    81, 91,
    82, 53,
    82, 55,
    82, 56,
    82, 57,
    82, 58,
    82, 59,
    83, 13,
    83, 15,
    83, 16,
    83, 34,
    83, 43,
    83, 53,
    83, 55,
    83, 56,
    83, 57,
    83, 58,
    83, 59,
    83, 66,
    83, 68,
    83, 69,
    83, 70,
    83, 72,
    83, 80,
    83, 82,
    83, 87,
    83, 88,
    84, 53,
    84, 55,
    84, 56,
    84, 58,
    84, 59,
    84, 71,
    84, 85,
    84, 89,
    85, 36,
    85, 40,
    85, 48,
    85, 50,
    85, 53,
    85, 54,
    85, 55,
    85, 56,
    85, 58,
    85, 59,
    85, 66,
    85, 68,
    85, 69,
    85, 70,
    85, 72,
    85, 80,
    85, 82,
    85, 84,
    85, 86,
    85, 90,
    86, 53,
    86, 55,
    86, 56,
    86, 57,
    86, 58,
    86, 59,
    87, 13,
    87, 15,
    87, 16,
    87, 34,
    87, 43,
    87, 53,
    87, 55,
    87, 56,
    87, 57,
    87, 58,
    87, 59,
    87, 66,
    87, 68,
    87, 69,
    87, 70,
    87, 72,
    87, 80,
    87, 82,
    88, 13,
    88, 15,
    88, 34,
    88, 43,
    88, 53,
    88, 55,
    88, 56,
    88, 57,
    88, 58,
    88, 59,
    88, 66,
    88, 68,
    88, 69,
    88, 70,
    88, 72,
    88, 80,
    88, 82,
    89, 14,
    89, 36,
    89, 40,
    89, 48,
    89, 50,
    89, 52,
    89, 53,
    89, 55,
    89, 56,
    89, 58,
    89, 66,
    89, 68,
    89, 69,
    89, 70,
    89, 72,
    89, 80,
    89, 82,
    89, 84,
    89, 85,
    89, 86,
    89, 90,
    90, 53,
    90, 55,
    90, 56,
    90, 57,
    90, 58,
    90, 59,
    91, 14,
    91, 53,
    91, 55,
    91, 56,
    91, 58,
    91, 66,
    91, 68,
    91, 69,
    91, 70,
    91, 72,
    91, 80,
    91, 82,
    91, 86,
    91, 90
};

/* Kerning between the respective left and right glyphs
 * 4.4 format which needs to scaled with `kern_scale`*/
static const int8_t kern_pair_values[] =
{
    -6, -22, -6, -6, -18, -2, -2, -22,
    -10, -22, -6, -6, -6, -10, -14, -6,
    -10, -48, -18, -18, -29, -18, -18, -28,
    -28, -28, -28, -6, -28, -10, -10, -28,
    -10, -28, -10, -24, -10, -20, -20, -12,
    -6, -10, -8, -14, -10, -6, -6, -10,
    -6, -6, -10, -10, -7, -33, -14, -22,
    -6, -25, -6, -5, -10, -6, -5, -8,
    -10, -10, -5, -10, -12, -2, -8, -2,
    -2, -8, -2, -8, -8, -7, -38, -10,
    -35, -19, -39, -6, -6, -6, -12, -6,
    -10, -6, -6, -16, -4, -18, -14, -4,
    -5, -8, -8, -4, -5, -12, -5, -6,
    -6, -8, -5, -5, -6, -5, -6, -8,
    -10, -6, -12, -8, -5, -12, -12, -6,
    -2, -2, -2, -2, -4, -41, -37, -33,
    -28, -8, -8, -33, -8, -8, -6, -15,
    -15, -15, -15, -15, -15, -15, -15, -15,
    -15, -15, -8, -14, -7, -8, -12, -14,
    -12, -6, -10, -10, -10, -10, -6, -10,
    -12, -8, -2, -5, -10, -12, -22, -5,
    -16, -5, -5, -16, -10, -5, -16, -16,
    -14, -5, -5, -14, -14, -14, -14, -18,
    -14, -10, -6, -6, -14, -6, -14, -6,
    -10, -16, -10, -24, -18, -10, -10, -10,
    -10, -10, -10, -6, -37, -8, -33, -16,
    -37, -5, -5, -5, -14, -5, -5, -5,
    -2, -14, -20, -14, -6, -10, -10, -8,
    -12, -8, -2, -10, -12, -10, -29, -37,
    -25, -29, -5, -8, -8, -5, -2, -2,
    -2, -2, -2, -2, -5, -12, -8, -2,
    -5, -12, -6, -2, -2, -2, -2, -2,
    -5, -4, -6, -7, -6, -2, -5, -8,
    -6, -2, -2, -2, -33, -24, -41, -29,
    -2, -14, -2, -2, -2, -38, -12, -12,
    -35, -12, -12, -6, -45, -45, -45, -45,
    -29, -45, -10, -10, -41, -41, -45, -41,
    -45, -41, -41, -25, -41, -35, -35, -33,
    -41, -41, -6, -10, -5, -37, -18, -37,
    -24, -35, -8, -8, -33, -8, -8, -5,
    -5, -29, -29, -29, -29, -14, -29, -22,
    -22, -29, -22, -29, -22, -28, -14, -22,
    -10, -10, -10, -22, -16, -10, -10, -22,
    -19, -2, -2, -14, -2, -2, -2, -12,
    -14, -14, -14, -6, -14, -10, -10, -14,
    -10, -14, -10, -14, -6, -8, -6, -5,
    -6, -8, -10, -14, -2, -10, -2, -2,
    -10, -10, -2, -10, -10, -5, -14, -16,
    -16, -16, -18, -16, -10, -8, -8, -16,
    -8, -16, -8, -18, -14, -18, -14, -14,
    -45, -24, -45, -41, -39, -12, -12, -37,
    -12, -12, -8, -5, -41, -6, -41, -41,
    -41, -29, -41, -2, -10, -10, -2, -33,
    -33, -41, -33, -41, -33, -38, -25, -33,
    -28, -25, -29, -33, -29, -10, -10, -10,
    -10, -10, -6, -5, -2, -5, -16, -2,
    -16, -16, -16, -18, -16, -2, -2, -6,
    -6, -6, -16, -6, -16, -6, -14, -14,
    -14, -18, -14, -14, -45, -27, -12, -10,
    -41, -10, -2, -2, -2, -6, -6, -6,
    -45, -29, -14, -18, -41, -16, -2, -2,
    -5, -5, -9, -7, -6, -39, -25, -12,
    -14, -39, -14, -2, -2, -5, -2, -6,
    -2, -6, -41, -28, -12, -16, -39, -14,
    -2, -2, -6, -5, -22, -10, -22, -19,
    -2, -2, -14, -2, -2, -2, -10, -10,
    -10, -10, -10, -10, -10, -5, -2, -41,
    -22, -12, -10, -35, -10, -45, -27, -12,
    -10, -41, -10, -2, -2, -2, -10, -10,
    -10, -10, -18, -2, -8, -2, -2, -8,
    -6, -2, -8, -8, -4, -35, -8, -22,
    -10, -22, -8, -10, -10, -10, -10, -4,
    -10, -10, -6, -4, -4, -6, -8, -10,
    -2, -45, -27, -12, -10, -41, -10, -2,
    -2, -2, -45, -27, -12, -10, -41, -10,
    -2, -2, -2, -6, -6, -6, -45, -29,
    -14, -18, -41, -16, -2, -2, -5, -5,
    -9, -7, -6, -6, -6, -45, -29, -14,
    -18, -41, -16, -2, -2, -5, -5, -9,
    -7, -41, -22, -12, -10, -35, -10, -14,
    -14, -10, -18, -14, -29, -6, -2, -12,
    -22, -10, -6, -6, -6, -6, -6, -6,
    -6, 8, 5, -41, -28, -14, -38, -12,
    -2, -2, -2, -6, -6, -6, -6, -33,
    -5, -22, -14, -25, -6, -5, -6, -6,
    -6, -6, -6, -6, -2, -2, -2, -41,
    -22, -12, -10, -35, -10, -28, -25, -12,
    -18, -14, -35, -10, -6, -18, -28, -18,
    -7, -5, -5, -5, -5, -5, -5, -16,
    -12, -14, -10, -35, -10, -5, -14, -25,
    -14, -5, -5, -5, -5, -5, -5, -5,
    -6, -6, -6, -6, -6, -2, -33, -10,
    -6, -29, -6, -9, -9, -9, -9, -9,
    -9, -4, -5, -2, -2, -41, -22, -12,
    -10, -35, -10, -6, -41, -16, -10, -29,
    -5, -7, -7, -7, -7, -7, -7, -2,
    -2
};

/*Collect the kern pair's data in one place*/
static const lv_font_fmt_txt_kern_pair_t kern_pairs =
{
    .glyph_ids = kern_pair_glyph_ids,
    .values = kern_pair_values,
    .pair_cnt = 769,
    .glyph_ids_size = 0
};

/*--------------------
 *  ALL CUSTOM DATA
 *--------------------*/

#if LV_VERSION_CHECK(8, 0, 0)
/*Store all the custom data of the font*/
static  lv_font_fmt_txt_glyph_cache_t cache;
static const lv_font_fmt_txt_dsc_t font_dsc = {
#else
static lv_font_fmt_txt_dsc_t font_dsc = {
#endif
    .glyph_bitmap = glyph_bitmap,
    .glyph_dsc = glyph_dsc,
    .cmaps = cmaps,
    .kern_dsc = &kern_pairs,
    .kern_scale = 16,
    .cmap_num = 2,
    .bpp = 4,
    .kern_classes = 0,
    .bitmap_format = 0,
#if LV_VERSION_CHECK(8, 0, 0)
    .cache = &cache
#endif
};


/*-----------------
 *  PUBLIC FONT
 *----------------*/

/*Initialize a public general font descriptor*/
#if LV_VERSION_CHECK(8, 0, 0)
const lv_font_t font_bai_24 = {
#else
lv_font_t font_bai_24 = {
#endif
    .get_glyph_dsc = lv_font_get_glyph_dsc_fmt_txt,    /*Function pointer to get glyph's data*/
    .get_glyph_bitmap = lv_font_get_bitmap_fmt_txt,    /*Function pointer to get glyph's bitmap*/
    .line_height = 27,          /*The maximum line height required by the font*/
    .base_line = 5,             /*Baseline measured from the bottom of the line*/
#if !(LVGL_VERSION_MAJOR == 6 && LVGL_VERSION_MINOR == 0)
    .subpx = LV_FONT_SUBPX_NONE,
#endif
#if LV_VERSION_CHECK(7, 4, 0) || LVGL_VERSION_MAJOR >= 8
    .underline_position = -2,
    .underline_thickness = 1,
#endif
    .dsc = &font_dsc           /*The custom font data. Will be accessed by `get_glyph_bitmap/dsc` */
};



#endif /*#if FONT_BAI_24*/

